Date,Average Temperature,Maximum temperature,Minimum temperature,Average relative humidity,Total rainfall,Average wind speed,Average visibility,Average pH,Maximam pH,Minimum pH,Average Sanility,Maximam Sanility,Minimum Sanility
1/1/2022,24.6,28.8,22.9,94,6.86,18.8,2.2,6.3125,8.25,5,0.39625,1.2,0.075
1/2/2022,24.9,27.7,22.5,93,16,19.3,2.4,6.3125,8.25,5,0.39625,1.2,0.075
1/3/2022,24.2,26.2,22.3,96,26.42,20,0.9,6.3125,8.25,5,0.39625,1.2,0.075
1/4/2022,25.1,28.2,22.1,86,8.89,20,1.5,6.3125,8.25,5,0.39625,1.2,0.075
1/5/2022,25.1,28.2,22.1,86,8.89,20,1.5,6.3125,8.25,5,0.39625,1.2,0.075
1/6/2022,26.2,30.4,23.2,88,0,20,2.8,6.3125,8.25,5,0.39625,1.2,0.075
1/7/2022,26.9,30.5,23.8,87,0,17.5,1.9,6.3125,8.25,5,0.39625,1.2,0.075
1/8/2022,25.8,28.9,22.9,90,7.11,20,1.3,6.3125,8.25,5,0.39625,1.2,0.075
1/9/2022,26.1,30.5,23.2,87,0,20,0.4,6.3125,8.25,5,0.39625,1.2,0.075
1/10/2022,25.3,28,23.1,90,9.65,20,0.4,6.3125,8.25,5,0.39625,1.2,0.075
1/11/2022,25.3,28,23.1,90,9.65,20,0.4,6.3125,8.25,5,0.39625,1.2,0.075
1/12/2022,25.3,28,23.1,90,9.65,20,0.4,6.3125,8.25,5,0.39625,1.2,0.075
1/13/2022,27.4,32.5,23.6,83,0,20,0.7,6.3125,8.25,5,0.39625,1.2,0.075
1/14/2022,27.3,32.5,23.6,83,0,20,0.7,6.3125,8.25,5,0.39625,1.2,0.075
1/15/2022,27.3,32.5,23.6,83,0,20,0.7,6.3125,8.25,5,0.39625,1.2,0.075
1/16/2022,27,30.8,23.9,83,0,20,2.8,6.3125,8.25,5,0.39625,1.2,0.075
1/17/2022,26.2,30.2,23.4,84,0,20,0.4,6.3125,8.25,5,0.39625,1.2,0.075
1/18/2022,26.2,30.2,23.4,84,0,20,0.4,6.3125,8.25,5,0.39625,1.2,0.075
1/19/2022,25.1,29.5,21.6,84,0,20,0.4,6.3125,8.25,5,0.39625,1.2,0.075
1/20/2022,25.1,29.5,21.6,84,0,20,0.4,6.3125,8.25,5,0.39625,1.2,0.075
1/21/2022,24.8,31.4,19.6,77,0,20,0,6.3125,8.25,5,0.39625,1.2,0.075
1/22/2022,24.4,30,18.9,83,0,19,0.7,6.3125,8.25,5,0.39625,1.2,0.075
1/23/2022,24.4,30,18.9,83,0,19,0.7,6.3125,8.25,5,0.39625,1.2,0.075
1/24/2022,24.4,30,18.9,83,0,19,0.7,6.3125,8.25,5,0.39625,1.2,0.075
1/25/2022,24.4,30,18.9,83,0,19,0.7,6.3125,8.25,5,0.39625,1.2,0.075
1/26/2022,24.7,29,20.9,80,0,20,0,6.3125,8.25,5,0.39625,1.2,0.075
1/27/2022,24.7,29,20.9,80,0,20,0,6.3125,8.25,5,0.39625,1.2,0.075
1/28/2022,24.2,25.8,20.9,91,0,20,1.5,6.3125,8.25,5,0.39625,1.2,0.075
1/29/2022,24.2,25.8,20.9,91,0,20,1.5,6.3125,8.25,5,0.39625,1.2,0.075
1/30/2022,26.2,32.5,23.8,85,0,20,2.2,6.3125,8.25,5,0.39625,1.2,0.075
1/31/2022,25.8,29.8,22.5,84,0,20,0.9,6.3125,8.25,5,0.39625,1.2,0.075
2/1/2022,25.8,29.8,22.5,84,0,20,0.9,6.3125,8.25,5,0.39625,1.2,0.075
2/2/2022,25.8,29.8,22.5,84,0,20,0.9,6.3125,8.25,5,0.39625,1.2,0.075
2/3/2022,25.3,32,20.2,78,0,20,0.9,6.3125,8.25,5,0.39625,1.2,0.075
2/4/2022,28.7,33.6,21.6,66,0,20,0,6.3125,8.25,5,0.39625,1.2,0.075
2/5/2022,28.7,33.6,21.6,66,0,20,0,6.3125,8.25,5,0.39625,1.2,0.075
2/6/2022,28.7,33.6,21.6,66,0,20,0,6.3125,8.25,5,0.39625,1.2,0.075
2/7/2022,28.7,33.6,21.6,66,0,20,0,6.3125,8.25,5,0.39625,1.2,0.075
2/8/2022,27.3,32.3,19.9,66,0,20,1.3,6.3125,8.25,5,0.39625,1.2,0.075
2/9/2022,25.1,30.4,21.3,77,0,20,0.7,6.3125,8.25,5,0.39625,1.2,0.075
2/10/2022,25.1,30.4,21.3,77,0,20,0.7,6.3125,8.25,5,0.39625,1.2,0.075
2/11/2022,25.1,30.4,21.3,77,0,20,0.7,6.3125,8.25,5,0.39625,1.2,0.075
2/12/2022,25.8,31.3,23.3,88,0.25,19.5,0,6.3125,8.25,5,0.39625,1.2,0.075
2/13/2022,22.6,23.4,21.4,98,25.4,18,2.8,6.3125,8.25,5,0.39625,1.2,0.075
2/14/2022,25.5,30.3,22.5,82,8.38,20,1.5,6.3125,8.25,5,0.39625,1.2,0.075
2/15/2022,25.5,30.3,22.5,82,8.38,20,1.5,6.3125,8.25,5,0.39625,1.2,0.075
2/16/2022,24,29,20.9,83,0,20,0.4,6.3125,8.25,5,0.39625,1.2,0.075
2/17/2022,24,29,20.9,83,0,20,0.4,6.3125,8.25,5,0.39625,1.2,0.075
2/18/2022,25.6,29.5,21.9,86,0,20,0.9,6.3125,8.25,5,0.39625,1.2,0.075
2/19/2022,25.5,28.4,24.3,90,0,20,0.4,6.3125,8.25,5,0.39625,1.2,0.075
2/20/2022,25.5,28.4,24.3,90,0,20,0.4,6.3125,8.25,5,0.39625,1.2,0.075
2/21/2022,26.8,30.7,23.3,86,0,16.1,0,6.3125,8.25,5,0.39625,1.2,0.075
2/22/2022,27.8,32.9,23.2,74,0,20,0.4,6.3125,8.25,5,0.39625,1.2,0.075
2/23/2022,27.8,32.9,23.2,74,0,20,0.4,6.3125,8.25,5,0.39625,1.2,0.075
2/24/2022,25.9,29.5,23.7,83,37.59,20,3.5,6.3125,8.25,5,0.39625,1.2,0.075
2/25/2022,27.7,30.8,22.7,70,0,20,3.7,6.3125,8.25,5,0.39625,1.2,0.075
2/26/2022,27.7,30.8,22.7,70,0,20,3.7,6.3125,8.25,5,0.39625,1.2,0.075
2/27/2022,26,30.3,23.8,85,0,20,3.5,6.3125,8.25,5,0.39625,1.2,0.075
2/28/2022,25.8,29,23.4,86,0,20,0.9,6.3125,8.25,5,0.39625,1.2,0.075
3/1/2022,25.8,29,23.4,86,0,20,0.9,6.3125,8.25,5,0.39625,1.2,0.075
3/2/2022,25.8,29,23.4,86,0,20,0.9,6.3125,8.25,5,0.39625,1.2,0.075
3/3/2022,26.7,29,23.4,80,0,20,0.9,6.3125,8.25,5,0.39625,1.2,0.075
3/4/2022,25.2,27.5,23.5,90,0,20,1.9,6.3125,8.25,5,0.39625,1.2,0.075
3/5/2022,26.7,32,23.5,80,14.48,20,1.9,6.3125,8.25,5,0.39625,1.2,0.075
3/6/2022,26.7,32,23.5,80,14.48,20,1.9,6.3125,8.25,5,0.39625,1.2,0.075
3/7/2022,26.7,32,23.5,80,14.48,20,1.9,6.3125,8.25,5,0.39625,1.2,0.075
3/8/2022,26.7,32,23.5,80,14.48,20,1.9,6.3125,8.25,5,0.39625,1.2,0.075
3/9/2022,27.1,32.6,23.4,79,0,20,0.6,6.3125,8.25,5,0.39625,1.2,0.075
3/10/2022,28.2,33.5,22.9,74,0,20,1.9,6.3125,8.25,5,0.39625,1.2,0.075
3/11/2022,28.2,33.5,22.9,74,0,20,1.9,6.3125,8.25,5,0.39625,1.2,0.075
3/12/2022,26.2,33.3,24.1,90,0,20,0,6.3125,8.25,5,0.39625,1.2,0.075
3/13/2022,26.2,33.3,24.1,90,0,20,0,6.3125,8.25,5,0.39625,1.2,0.075
3/14/2022,25.3,26.6,23.4,88,0,20,0.4,6.3125,8.25,5,0.39625,1.2,0.075
3/15/2022,25.3,26.6,23.4,88,0,20,0.4,6.3125,8.25,5,0.39625,1.2,0.075
3/16/2022,25.3,26.6,23.4,88,0,20,0.4,6.3125,8.25,5,0.39625,1.2,0.075
3/17/2022,28,35.2,22.9,78,0,20,1.1,6.3125,8.25,5,0.39625,1.2,0.075
3/18/2022,28,35.2,22.9,78,0,20,1.1,6.3125,8.25,5,0.39625,1.2,0.075
3/19/2022,28,35.2,22.9,78,0,20,1.1,6.3125,8.25,5,0.39625,1.2,0.075
3/20/2022,28,35.2,22.9,78,0,20,1.1,6.3125,8.25,5,0.39625,1.2,0.075
3/21/2022,29.6,34.5,25,75,0,20,2.8,6.3125,8.25,5,0.39625,1.2,0.075
3/22/2022,29.6,34.5,25,75,0,20,2.8,6.3125,8.25,5,0.39625,1.2,0.075
3/23/2022,27.6,31,25.3,84,0,20,0.9,6.3125,8.25,5,0.39625,1.2,0.075
3/24/2022,27.6,31,25.3,84,0,20,0.9,6.3125,8.25,5,0.39625,1.2,0.075
3/25/2022,27.6,31,25.3,84,0,20,0.9,6.3125,8.25,5,0.39625,1.2,0.075
3/26/2022,28.4,33.7,23.4,74,2.54,20,0,6.3125,8.25,5,0.39625,1.2,0.075
3/27/2022,26.2,27.9,23.9,91,24.38,20,0.4,6.3125,8.25,5,0.39625,1.2,0.075
3/28/2022,26.2,27.9,23.9,91,24.38,20,0.4,6.3125,8.25,5,0.39625,1.2,0.075
3/29/2022,26.2,27.9,23.9,91,24.38,20,0.4,6.3125,8.25,5,0.39625,1.2,0.075
3/30/2022,29.3,35.1,25,74,0,20,1.5,6.3125,8.25,5,0.39625,1.2,0.075
3/31/2022,29.3,34.3,23.4,75,0,20,1.1,6.3125,8.25,5,0.39625,1.2,0.075
4/1/2022,28.9,34.5,25.2,75,0,20,0.7,6.3125,8.25,5,0.39625,1.2,0.075
4/2/2022,28.5,34.3,24.4,78,0,20,1.1,6.3125,8.25,5,0.39625,1.2,0.075
4/3/2022,27.9,34,24.4,79,0,20,1.1,6.3125,8.25,5,0.39625,1.2,0.075
4/4/2022,27.9,34.4,23.4,78,34.29,20,0.7,6.3125,8.25,5,0.39625,1.2,0.075
4/5/2022,27.1,34.1,23.7,80,0,20,1.1,6.3125,8.25,5,0.39625,1.2,0.075
4/6/2022,27.3,33.7,23.6,80,16.51,20,0.2,6.3125,8.25,5,0.39625,1.2,0.075
4/7/2022,28.7,33.7,23.7,76,0,20,0.6,6.3125,8.25,5,0.39625,1.2,0.075
4/8/2022,25.6,32.1,22.8,87,23.37,17.2,0.6,6.3125,8.25,5,0.39625,1.2,0.075
4/9/2022,25.3,32.1,22.3,90,53.59,14.8,0.2,6.3125,8.25,5,0.39625,1.2,0.075
4/10/2022,25.7,31.4,23.1,90,30.48,17.5,0.4,6.3125,8.25,5,0.39625,1.2,0.075
4/11/2022,27.4,31.6,22.9,86,54.36,17.5,1.3,6.3125,8.25,5,0.39625,1.2,0.075
4/12/2022,26.4,31.8,23.9,88,0,20,0.4,6.3125,8.25,5,0.39625,1.2,0.075
4/13/2022,27.2,33.3,23.3,85,53.34,20,0.2,6.3125,8.25,5,0.39625,1.2,0.075
4/14/2022,27.7,33.7,23.8,81,29.21,20,1.3,6.3125,8.25,5,0.39625,1.2,0.075
4/15/2022,29.4,33.9,24.6,75,0.51,20,2.6,6.3125,8.25,5,0.39625,1.2,0.075
4/16/2022,29.1,34,24.9,76,0,20,2.4,6.3125,8.25,5,0.39625,1.2,0.075
4/17/2022,26.5,32.6,24,83,0,20,1.9,6.3125,8.25,5,0.39625,1.2,0.075
4/18/2022,28.4,33.3,23.8,80,0,20,1.5,6.3125,8.25,5,0.39625,1.2,0.075
4/19/2022,28.4,33.1,25.3,85,0,18.5,1.5,6.3125,8.25,5,0.39625,1.2,0.075
4/20/2022,29.8,34.4,25.3,76,2.29,20,2,6.3125,8.25,5,0.39625,1.2,0.075
4/21/2022,28.8,34.2,25.9,80,0,20,0.7,6.3125,8.25,5,0.39625,1.2,0.075
4/22/2022,26.9,33.8,23.5,86,49.78,20,1.3,6.3125,8.25,5,0.39625,1.2,0.075
4/23/2022,26.5,32.8,22.9,86,41.15,20,0.9,6.3125,8.25,5,0.39625,1.2,0.075
4/24/2022,28.7,33.3,23.4,80,3.05,20,0,6.3125,8.25,5,0.39625,1.2,0.075
4/25/2022,29.4,33.9,25.1,77,0,20,0.4,6.3125,8.25,5,0.39625,1.2,0.075
4/26/2022,29.9,34.4,25.3,76,0,20,0,6.3125,8.25,5,0.39625,1.2,0.075
4/27/2022,30.1,34.8,25.6,73,0,20,0,6.3125,8.25,5,0.39625,1.2,0.075
4/28/2022,27.3,34.4,23.7,85,0,20,0.4,6.3125,8.25,5,0.39625,1.2,0.075
4/29/2022,28,33.6,24.5,85,28.19,20,0,6.3125,8.25,5,0.39625,1.2,0.075
4/30/2022,29.4,34,25.1,80,20.83,20,0.9,6.3125,8.25,5,0.39625,1.2,0.075
5/1/2022,29.2,32.4,26.1,79,0,20,4.1,6.3125,8.25,5,0.39625,1.2,0.075
5/2/2022,29.6,34.2,25.9,78,0,20,3.1,6.3125,8.25,5,0.39625,1.2,0.075
5/3/2022,30,34.5,26.2,79,0,20,1.1,6.3125,8.25,5,0.39625,1.2,0.075
5/4/2022,30.2,34.1,26.4,76,0,20,0.7,6.3125,8.25,5,0.39625,1.2,0.075
5/5/2022,29,33.7,26,81,0,20,3.5,6.3125,8.25,5,0.39625,1.2,0.075
5/6/2022,29.3,33.6,26.1,81,0,20,2.4,6.3125,8.25,5,0.39625,1.2,0.075
5/7/2022,29.5,33.2,26.7,82,0,20,6.1,6.3125,8.25,5,0.39625,1.2,0.075
5/8/2022,29.4,32.3,27,80,0,20,8.9,6.3125,8.25,5,0.39625,1.2,0.075
5/9/2022,29.2,32.7,26.3,81,0,20,6.5,6.3125,8.25,5,0.39625,1.2,0.075
5/10/2022,29.2,32.7,26.3,81,0,20,6.5,6.3125,8.25,5,0.39625,1.2,0.075
5/11/2022,29,32.8,25.4,77,0,20,5,6.3125,8.25,5,0.39625,1.2,0.075
5/12/2022,28.3,32.3,25,82,0.76,20,7.2,6.3125,8.25,5,0.39625,1.2,0.075
5/13/2022,27.9,31.9,25.3,81,1.27,20,6.7,6.3125,8.25,5,0.39625,1.2,0.075
5/14/2022,28.1,31.5,24.7,80,1.02,18.8,4.3,6.3125,8.25,5,0.39625,1.2,0.075
5/15/2022,28.2,31.7,25.4,81,0,20,6.3,6.3125,8.25,5,0.39625,1.2,0.075
5/16/2022,27.9,31.8,25.4,82,0.25,20,9.1,6.3125,8.25,5,0.39625,1.2,0.075
5/17/2022,27.5,31.7,25.3,84,0.76,20,7.4,6.3125,8.25,5,0.39625,1.2,0.075
5/18/2022,27.4,32.2,25,83,0.76,20,4.6,6.3125,8.25,5,0.39625,1.2,0.075
5/19/2022,28.1,32.2,24.6,83,1.02,20,3.7,6.3125,8.25,5,0.39625,1.2,0.075
5/20/2022,28.9,32.5,25.7,77,0.51,20,6.1,6.3125,8.25,5,0.39625,1.2,0.075
5/21/2022,28.9,33.1,25.9,77,0,20,6.7,6.3125,8.25,5,0.39625,1.2,0.075
5/22/2022,29,32.4,25.6,76,0,20,3.9,6.3125,8.25,5,0.39625,1.2,0.075
5/23/2022,27.4,31.4,24.8,81,0,20,3.9,6.3125,8.25,5,0.39625,1.2,0.075
5/24/2022,28.7,33,24.4,77,0,20,4.4,6.3125,8.25,5,0.39625,1.2,0.075
5/25/2022,28.1,32.6,25.3,80,0,20,2.8,6.3125,8.25,5,0.39625,1.2,0.075
5/26/2022,28.3,32.8,24.9,77,0,20,5,6.3125,8.25,5,0.39625,1.2,0.075
5/27/2022,27.9,32.6,24.9,78,0,20,5.7,6.3125,8.25,5,0.39625,1.2,0.075
5/28/2022,27.6,32.3,24.4,79,0,20,6.9,6.3125,8.25,5,0.39625,1.2,0.075
5/29/2022,27.4,31.4,24.4,82,0.51,20,6.7,6.3125,8.25,5,0.39625,1.2,0.075
5/30/2022,27.1,31.6,24.7,82,0,20,5,6.3125,8.25,5,0.39625,1.2,0.075
5/31/2022,27,30.3,24.9,82,0,20,5,6.3125,8.25,5,0.39625,1.2,0.075
6/1/2022,28,32.8,24.4,76,0,20,3.3,6.3125,8.25,5,0.39625,1.2,0.075
6/2/2022,29.3,32.7,24.7,70,0,20,7.4,6.3125,8.25,5,0.39625,1.2,0.075
6/3/2022,28.1,31.6,25.1,78,0,20,2.2,6.3125,8.25,5,0.39625,1.2,0.075
6/4/2022,28.4,32.6,25.4,79,0,20,3.9,6.3125,8.25,5,0.39625,1.2,0.075
6/5/2022,28.9,32.8,25.6,76,0,20,3.9,6.3125,8.25,5,0.39625,1.2,0.075
6/6/2022,27.5,31.4,26,84,0,20,3.7,6.3125,8.25,5,0.39625,1.2,0.075
6/7/2022,28.1,31.8,26,79,0,20,5.9,6.3125,8.25,5,0.39625,1.2,0.075
6/8/2022,27.9,32.8,26,79,0,20,8.7,6.3125,8.25,5,0.39625,1.2,0.075
6/9/2022,28.3,32.3,25.6,77,0,20,8,6.3125,8.25,5,0.39625,1.2,0.075
6/10/2022,29.1,32.5,25.2,73,0,20,8.1,6.3125,8.25,5,0.39625,1.2,0.075
6/11/2022,27.9,31,25.6,81,0,20,5,6.3125,8.25,5,0.39625,1.2,0.075
6/12/2022,27.8,31.6,24.9,79,0,20,5.6,6.3125,8.25,5,0.39625,1.2,0.075
6/13/2022,28.7,34,24.7,74,0,20,7.4,6.3125,8.25,5,0.39625,1.2,0.075
6/14/2022,28.8,33.9,25.1,78,0,20,5,6.3125,8.25,5,0.39625,1.2,0.075
6/15/2022,27.8,33.2,25.5,83,0,20,3.9,6.3125,8.25,5,0.39625,1.2,0.075
6/16/2022,27.4,31.9,24.3,82,0,20,1.1,6.3125,8.25,5,0.39625,1.2,0.075
6/17/2022,27.4,31.2,23.4,84,2.79,20,0.4,6.3125,8.25,5,0.39625,1.2,0.075
6/18/2022,27.6,32.3,23.5,80,10.92,20,2.4,6.3125,8.25,5,0.39625,1.2,0.075
6/19/2022,27.7,31.8,24.5,80,0,20,1.9,6.3125,8.25,5,0.39625,1.2,0.075
6/20/2022,28.3,32.5,24.7,80,0,20,3.1,6.3125,8.25,5,0.39625,1.2,0.075
6/21/2022,28.5,33.4,25.1,78,0,20,3.1,6.3125,8.25,5,0.39625,1.2,0.075
6/22/2022,28.3,32.6,24.9,78,0,20,2.2,6.3125,8.25,5,0.39625,1.2,0.075
6/23/2022,28.6,33.8,25.2,77,0,20,5.6,6.3125,8.25,5,0.39625,1.2,0.075
6/24/2022,28.8,33.7,25.2,77,0,20,5.2,6.3125,8.25,5,0.39625,1.2,0.075
6/25/2022,29,33.8,25.4,76,0,20,6.3,6.3125,8.25,5,0.39625,1.2,0.075
6/26/2022,28.6,32.5,25.9,79,0,20,3.7,6.3125,8.25,5,0.39625,1.2,0.075
6/27/2022,29.1,34.3,25.3,73,0,20,5.7,6.3125,8.25,5,0.39625,1.2,0.075
6/28/2022,28.6,34,25.2,76,0,20,3.7,6.3125,8.25,5,0.39625,1.2,0.075
6/29/2022,29.2,34.4,25,73,0,20,1.3,6.3125,8.25,5,0.39625,1.2,0.075
6/30/2022,28.1,33.3,25.4,78,0,20,0.6,6.3125,8.25,5,0.39625,1.2,0.075
7/1/2022,29.2,34.8,23.9,74,0,20,1.1,6.3125,8.25,5,0.39625,1.2,0.075
7/2/2022,29.7,34.9,25.5,75,0,20,0.9,6.3125,8.25,5,0.39625,1.2,0.075
7/3/2022,28.4,32.7,25.6,79,0,20,3.1,6.3125,8.25,5,0.39625,1.2,0.075
7/4/2022,28.7,33.3,24.6,71,0,20,2,6.3125,8.25,5,0.39625,1.2,0.075
7/5/2022,28.7,34.2,25.8,71,0,20,4.4,6.3125,8.25,5,0.39625,1.2,0.075
7/6/2022,28.4,34.8,25.5,74,0,20,4.4,6.3125,8.25,5,0.39625,1.2,0.075
7/7/2022,28,32.1,25.3,75,0,20,1.9,6.3125,8.25,5,0.39625,1.2,0.075
7/8/2022,29,34.6,24.6,70,0,20,3.3,6.3125,8.25,5,0.39625,1.2,0.075
7/9/2022,28.3,33.5,24.6,76,0,20,5.4,6.3125,8.25,5,0.39625,1.2,0.075
7/10/2022,28.2,32.6,24.6,78,0,20,7.4,6.3125,8.25,5,0.39625,1.2,0.075
7/11/2022,27.7,31,25.5,78,0,20,13.9,6.3125,8.25,5,0.39625,1.2,0.075
7/12/2022,28.6,32.9,25.1,77,0,20,10.9,6.3125,8.25,5,0.39625,1.2,0.075
7/13/2022,28.6,32.9,25.1,77,0,20,10.9,6.3125,8.25,5,0.39625,1.2,0.075
7/14/2022,28.6,32.9,25.1,77,0,20,10.9,6.3125,8.25,5,0.39625,1.2,0.075
7/15/2022,28.6,32.9,25.1,77,0,20,10.9,6.3125,8.25,5,0.39625,1.2,0.075
7/16/2022,29,33.7,25.9,76,0,20,3.5,6.3125,8.25,5,0.39625,1.2,0.075
7/17/2022,28.9,34.5,25.4,79,0,20,2.6,6.3125,8.25,5,0.39625,1.2,0.075
7/18/2022,29.7,35.9,25.4,72,0,20,2,6.3125,8.25,5,0.39625,1.2,0.075
7/19/2022,28.1,36.8,24,78,0.51,20,0.4,6.3125,8.25,5,0.39625,1.2,0.075
7/20/2022,28.5,34.3,22.9,78,25.65,20,2.2,6.3125,8.25,5,0.39625,1.2,0.075
7/21/2022,27.4,34,24.5,82,0,20,2.2,6.3125,8.25,5,0.39625,1.2,0.075
7/22/2022,28,31.8,23.9,82,14.73,20,4.8,6.3125,8.25,5,0.39625,1.2,0.075
7/23/2022,28.2,32.1,24.9,78,0,20,6.3,6.3125,8.25,5,0.39625,1.2,0.075
7/24/2022,27.1,30,24.8,84,0,20,1.5,6.3125,8.25,5,0.39625,1.2,0.075
7/25/2022,25.9,33.1,23.7,88,0,19.3,1.3,6.3125,8.25,5,0.39625,1.2,0.075
7/26/2022,26.5,33.2,23.3,85,7.87,18.8,0.2,6.3125,8.25,5,0.39625,1.2,0.075
7/27/2022,25.3,29.7,23.5,93,25.91,15.6,0,6.3125,8.25,5,0.39625,1.2,0.075
7/28/2022,25.7,32,22.5,86,7.37,16.9,0.4,6.3125,8.25,5,0.39625,1.2,0.075
7/29/2022,26.5,31.4,22.6,86,5.08,17.2,0.6,6.3125,8.25,5,0.39625,1.2,0.075
7/30/2022,27.7,33.2,23.4,82,0,20,1.3,6.3125,8.25,5,0.39625,1.2,0.075
7/31/2022,28,31.8,24.9,83,0,20,1.9,6.3125,8.25,5,0.39625,1.2,0.075
8/1/2022,26.7,30.3,25.2,85,0,20,7.4,6.3125,8.25,5,0.39625,1.2,0.075
8/2/2022,26.9,30,24.4,81,2.54,20,4.8,6.3125,8.25,5,0.39625,1.2,0.075
8/3/2022,27.1,30.3,25.1,79,0,20,3.7,6.3125,8.25,5,0.39625,1.2,0.075
8/4/2022,27.3,30.2,25,76,0,20,8.9,6.3125,8.25,5,0.39625,1.2,0.075
8/5/2022,27.1,29,25.1,77,0,20,9.8,6.3125,8.25,5,0.39625,1.2,0.075
8/6/2022,27.6,30.9,25.4,77,0,20,7.8,6.3125,8.25,5,0.39625,1.2,0.075
8/7/2022,27.8,31.3,24.9,76,0,20,7.8,6.3125,8.25,5,0.39625,1.2,0.075
8/8/2022,27.7,31.3,25.5,75,0,20,9.3,6.3125,8.25,5,0.39625,1.2,0.075
8/9/2022,27.9,32,25,72,0,20,13.3,6.3125,8.25,5,0.39625,1.2,0.075
8/10/2022,28.1,32.8,23.8,73,0,20,7.2,6.3125,8.25,5,0.39625,1.2,0.075
8/11/2022,28.5,34.2,23.9,72,0,20,4.6,6.3125,8.25,5,0.39625,1.2,0.075
8/12/2022,28,33.2,24.5,78,0,20,3.3,6.3125,8.25,5,0.39625,1.2,0.075
8/13/2022,28.4,34.1,25.1,76,0,20,3.7,6.3125,8.25,5,0.39625,1.2,0.075
8/14/2022,29.1,34.1,24.9,74,0,20,0.7,6.3125,8.25,5,0.39625,1.2,0.075
8/15/2022,29.3,36.1,24.5,71,0,20,0.7,6.3125,8.25,5,0.39625,1.2,0.075
8/16/2022,28.6,34.4,25.2,77,0,20,3.5,6.3125,8.25,5,0.39625,1.2,0.075
8/17/2022,28.6,34.2,25.2,74,0,20,4.1,6.3125,8.25,5,0.39625,1.2,0.075
8/18/2022,28.9,34.3,25,75,0,20,4.1,6.3125,8.25,5,0.39625,1.2,0.075
8/19/2022,28.9,33.8,25.5,75,0,20,6.3,6.3125,8.25,5,0.39625,1.2,0.075
8/20/2022,28.7,34.6,25.4,77,0,20,6.3,6.3125,8.25,5,0.39625,1.2,0.075
8/21/2022,28.6,32.8,25,75,0,20,10.4,6.3125,8.25,5,0.39625,1.2,0.075
8/22/2022,28.1,32.8,25.5,77,0,20,7.2,6.3125,8.25,5,0.39625,1.2,0.075
8/23/2022,28.2,32.6,25.1,77,0,20,5.4,6.3125,8.25,5,0.39625,1.2,0.075
8/24/2022,27.6,33,24.9,82,0,20,3.5,6.3125,8.25,5,0.39625,1.2,0.075
8/25/2022,26.9,32.8,24.4,85,0,20,3.7,6.3125,8.25,5,0.39625,1.2,0.075
8/26/2022,26.6,33.3,24.7,90,0,18.3,2.4,6.3125,8.25,5,0.39625,1.2,0.075
8/27/2022,26.4,30.8,24.4,88,17.53,20,4.8,6.3125,8.25,5,0.39625,1.2,0.075
8/28/2022,27.3,32.4,23.5,85,0,20,4.8,6.3125,8.25,5,0.39625,1.2,0.075
8/29/2022,26.6,33.5,24.9,90,0,19.6,3,6.3125,8.25,5,0.39625,1.2,0.075
8/30/2022,25.8,32.6,23.2,93,0.51,20,2,6.3125,8.25,5,0.39625,1.2,0.075
8/31/2022,25.1,28.6,22.9,94,33.78,20,1.1,6.3125,8.25,5,0.39625,1.2,0.075
9/1/2022,25.3,28.7,23.6,94,0.51,20,2,6.3125,8.25,5,0.39625,1.2,0.075
9/2/2022,26.4,30.1,23.5,86,1.52,20,3,6.3125,8.25,5,0.39625,1.2,0.075
9/3/2022,27,32.2,23.5,86,0.2,20,3.7,6.3125,8.25,5,0.39625,1.2,0.075
9/4/2022,27.8,32,24.6,85,0,20,1.5,6.3125,8.25,5,0.39625,1.2,0.075
9/5/2022,25.6,31.6,24.2,91,0,20,3.7,6.3125,8.25,5,0.39625,1.2,0.075
9/6/2022,26.5,30,24.2,83,35.31,20,6.3,6.3125,8.25,5,0.39625,1.2,0.075
9/7/2022,26.7,30.8,24.3,82,0,20,4.6,6.3125,8.25,5,0.39625,1.2,0.075
9/8/2022,26.8,29.8,24.8,81,0,20,3.5,6.3125,8.25,5,0.39625,1.2,0.075
9/9/2022,27.2,31.8,24.5,81,0,20,4.3,6.3125,8.25,5,0.39625,1.2,0.075
9/10/2022,27.8,31.3,25.4,79,0,20,4.1,6.3125,8.25,5,0.39625,1.2,0.075
9/11/2022,27.6,31.8,24.9,80,0,20,4.1,6.3125,8.25,5,0.39625,1.2,0.075
9/12/2022,27.5,31.8,24.7,80,0,20,5.4,6.3125,8.25,5,0.39625,1.2,0.075
9/13/2022,27.6,32.6,24.5,80,0,20,3.9,6.3125,8.25,5,0.39625,1.2,0.075
9/14/2022,27.6,32.6,24.5,80,0,20,3.9,6.3125,8.25,5,0.39625,1.2,0.075
9/15/2022,27.8,32.9,24.4,76,0,20,2.8,6.3125,8.25,5,0.39625,1.2,0.075
9/16/2022,27.8,32.9,24.4,76,0,20,2.8,6.3125,8.25,5,0.39625,1.2,0.075
9/17/2022,27.8,32.9,24.4,76,0,20,2.8,6.3125,8.25,5,0.39625,1.2,0.075
9/18/2022,27.8,32.9,24.4,76,0,20,2.8,6.3125,8.25,5,0.39625,1.2,0.075
9/19/2022,27.8,32.9,24.4,76,0,20,2.8,6.3125,8.25,5,0.39625,1.2,0.075
9/20/2022,27.8,32.9,24.4,76,0,20,2.8,6.3125,8.25,5,0.39625,1.2,0.075
9/21/2022,28.1,33.6,24.6,74,0,20,5,6.3125,8.25,5,0.39625,1.2,0.075
9/22/2022,28.9,34.8,24.8,68,0,20,3,6.3125,8.25,5,0.39625,1.2,0.075
9/23/2022,27.8,34.3,24.4,72,0,20,3,6.3125,8.25,5,0.39625,1.2,0.075
9/24/2022,27.8,35.1,24,72,0,20,2.4,6.3125,8.25,5,0.39625,1.2,0.075
9/25/2022,28.1,35.9,24.5,76,0,19.5,1.1,6.3125,8.25,5,0.39625,1.2,0.075
9/26/2022,28.6,34.8,24.5,75,2.79,19.8,3.3,6.3125,8.25,5,0.39625,1.2,0.075
9/27/2022,28,35.2,25,78,0,16.6,0.7,6.3125,8.25,5,0.39625,1.2,0.075
9/28/2022,27,33.4,25.2,82,1.27,20,3.3,6.3125,8.25,5,0.39625,1.2,0.075
9/29/2022,28.6,34.1,24.5,74,0,20,5.6,6.3125,8.25,5,0.39625,1.2,0.075
9/30/2022,28,32.5,25.5,77,0,20,4.1,6.3125,8.25,5,0.39625,1.2,0.075
10/1/2022,28,32.8,25.2,78,0,20,3.1,6.3125,8.25,5,0.39625,1.2,0.075
10/2/2022,28.4,33.3,24.9,78,0,20,3.1,6.3125,8.25,5,0.39625,1.2,0.075
10/3/2022,27.7,33,25.2,77,0,20,3.9,6.3125,8.25,5,0.39625,1.2,0.075
10/4/2022,28.9,35,25.1,74,0,20,3.3,6.3125,8.25,5,0.39625,1.2,0.075
10/5/2022,28.3,33.8,25.4,77,0,20,2.8,6.3125,8.25,5,0.39625,1.2,0.075
10/6/2022,27.1,33.3,25.2,81,0,20,3.9,6.3125,8.25,5,0.39625,1.2,0.075
10/7/2022,28.1,33.2,24.9,75,0,20,4.1,6.3125,8.25,5,0.39625,1.2,0.075
10/8/2022,27.3,34,24.5,82,0,20,1.1,6.3125,8.25,5,0.39625,1.2,0.075
10/9/2022,27.6,32.1,24.3,83,0,20,2.4,6.3125,8.25,5,0.39625,1.2,0.075
10/10/2022,27.4,34.6,24.1,84,0,20,0.9,6.3125,8.25,5,0.39625,1.2,0.075
10/11/2022,28.5,34.2,24.3,81,0.25,20,1.1,6.3125,8.25,5,0.39625,1.2,0.075
10/12/2022,26.8,32.8,24.6,87,0.51,20,2,6.3125,8.25,5,0.39625,1.2,0.075
10/13/2022,25.1,34,24,95,0,19.2,1.3,6.3125,8.25,5,0.39625,1.2,0.075
10/14/2022,26.1,32.9,23.3,93,15.49,19.3,0.6,6.3125,8.25,5,0.39625,1.2,0.075
10/15/2022,25.7,29.5,23.9,94,32.51,20,0.2,6.3125,8.25,5,0.39625,1.2,0.075
10/16/2022,26.8,31.5,23.9,90,8.13,20,2,6.3125,8.25,5,0.39625,1.2,0.075
10/17/2022,26.1,30.7,24.7,89,8.13,20,0,6.3125,8.25,5,0.39625,1.2,0.075
10/18/2022,25.9,28.7,24.4,90,10.67,20,1.9,6.3125,8.25,5,0.39625,1.2,0.075
10/19/2022,27.9,32.7,24.7,79,2.03,20,1.7,6.3125,8.25,5,0.39625,1.2,0.075
10/20/2022,26.3,31.3,23.9,91,0.51,18.8,1.9,6.3125,8.25,5,0.39625,1.2,0.075
10/21/2022,24.9,27.1,22.9,95,41.66,20,0,6.3125,8.25,5,0.39625,1.2,0.075
10/22/2022,26.2,30.3,23.9,88,20.32,20,0,6.3125,8.25,5,0.39625,1.2,0.075
10/23/2022,26.2,30.6,23.4,90,0.76,20,0.4,6.3125,8.25,5,0.39625,1.2,0.075
10/24/2022,27.2,31.7,23.9,85,0,20,3.1,6.3125,8.25,5,0.39625,1.2,0.075
10/25/2022,27,30.9,24.5,88,0,20,1.3,6.3125,8.25,5,0.39625,1.2,0.075
10/26/2022,27.2,32.5,23.5,79,11.68,20,0.2,6.3125,8.25,5,0.39625,1.2,0.075
10/27/2022,27,32.3,22,76,0,20,0.7,6.3125,8.25,5,0.39625,1.2,0.075
10/28/2022,26.7,31.7,21.4,75,0,20,0.4,6.3125,8.25,5,0.39625,1.2,0.075
10/29/2022,27,33.3,21.5,81,0,20,0.7,6.3125,8.25,5,0.39625,1.2,0.075
10/30/2022,25.8,31.2,24.1,90,0,18.8,0.4,6.3125,8.25,5,0.39625,1.2,0.075
10/31/2022,26.1,31.6,23.8,89,13.97,18.2,0.7,6.3125,8.25,5,0.39625,1.2,0.075
11/1/2022,25.3,28.4,24,94,2.54,18.8,0.2,6.3125,8.25,5,0.39625,1.2,0.075
11/2/2022,25.4,30.7,23.4,91,30.99,18.8,0.2,6.3125,8.25,5,0.39625,1.2,0.075
11/3/2022,25.7,31.4,23.4,91,6.1,20,0,6.3125,8.25,5,0.39625,1.2,0.075
11/4/2022,25.9,31.8,23.7,90,12.95,13.2,0,6.3125,8.25,5,0.39625,1.2,0.075
11/5/2022,25.6,30.5,23.5,90,45.72,17.5,0.4,6.3125,8.25,5,0.39625,1.2,0.075
11/6/2022,27,31.7,23.5,79,10.92,20,0.2,6.3125,8.25,5,0.39625,1.2,0.075
11/7/2022,26.1,30.4,23.4,87,3.3,20,0.2,6.3125,8.25,5,0.39625,1.2,0.075
11/8/2022,25.4,29.8,23.5,92,1.02,17.5,0,6.3125,8.25,5,0.39625,1.2,0.075
11/9/2022,24.9,28.1,23.3,93,55.88,18.8,0,6.3125,8.25,5,0.39625,1.2,0.075
11/10/2022,25.9,30,23.5,89,1.02,20,0.2,6.3125,8.25,5,0.39625,1.2,0.075
11/11/2022,25.3,27.5,23.6,93,6.35,20,0,6.3125,8.25,5,0.39625,1.2,0.075
11/12/2022,26.2,30.8,23.7,89,0.76,20,0.2,6.3125,8.25,5,0.39625,1.2,0.075
11/13/2022,25.9,31.3,23.8,89,22.61,20,0,6.3125,8.25,5,0.39625,1.2,0.075
11/14/2022,26,31.5,23.5,89,0.76,20,0,6.3125,8.25,5,0.39625,1.2,0.075
11/15/2022,26.7,31,23.1,85,8.64,20,0,6.3125,8.25,5,0.39625,1.2,0.075
11/16/2022,26.2,31.3,22.5,83,0,20,0.7,6.3125,8.25,5,0.39625,1.2,0.075
11/17/2022,25.5,31.4,21.4,80,0,20,0.4,6.3125,8.25,5,0.39625,1.2,0.075
11/18/2022,26.1,31.7,20.9,81,0,20,0.4,6.3125,8.25,5,0.39625,1.2,0.075
11/19/2022,25.3,28.2,23.4,89,0,17.7,0.4,6.3125,8.25,5,0.39625,1.2,0.075
11/20/2022,25.4,30.7,21.9,84,0,20,0.2,6.3125,8.25,5,0.39625,1.2,0.075
11/21/2022,25.7,30.5,21.5,83,0,20,0.2,6.3125,8.25,5,0.39625,1.2,0.075
11/22/2022,26.4,31.7,22.4,82,0,20,1.1,6.3125,8.25,5,0.39625,1.2,0.075
11/23/2022,26.4,32.5,22.5,78,0,20,0.4,6.3125,8.25,5,0.39625,1.2,0.075
11/24/2022,26.5,32.8,21.4,78,0,18.8,0.2,6.3125,8.25,5,0.39625,1.2,0.075
11/25/2022,26.9,32.5,21.9,78,0,16.9,0,6.3125,8.25,5,0.39625,1.2,0.075
11/26/2022,27.2,32.5,22.9,80,0,18.8,0,6.3125,8.25,5,0.39625,1.2,0.075
11/27/2022,27.1,32.5,23.5,81,0,18.8,0,6.3125,8.25,5,0.39625,1.2,0.075
11/28/2022,27.3,32.5,22.6,80,0,18.8,0,6.3125,8.25,5,0.39625,1.2,0.075
11/29/2022,26.3,31,22.1,83,0,18.8,0.2,6.3125,8.25,5,0.39625,1.2,0.075
11/30/2022,26.1,30.5,20.9,86,0,19.2,2,6.3125,8.25,5,0.39625,1.2,0.075
12/1/2022,27,32.2,24.1,87,0,19.8,0.4,6.3125,8.25,5,0.39625,1.2,0.075
12/2/2022,25.8,30.7,23.6,93,2.29,19.8,0.9,6.3125,8.25,5,0.39625,1.2,0.075
12/3/2022,26.2,31,23.4,92,6.1,18.8,0,6.3125,8.25,5,0.39625,1.2,0.075
12/4/2022,26.2,29.9,23.7,91,16.76,20,0,6.3125,8.25,5,0.39625,1.2,0.075
12/5/2022,26.7,30.7,22.9,88,1.27,20,0.7,6.3125,8.25,5,0.39625,1.2,0.075
12/6/2022,25.3,28.8,23,93,0.25,16.6,0,6.3125,8.25,5,0.39625,1.2,0.075
12/7/2022,24.4,26.3,23,94,0,15.9,0.7,6.3125,8.25,5,0.39625,1.2,0.075
12/8/2022,21.8,24.6,18.6,97,3.3,13.5,0,6.3125,8.25,5,0.39625,1.2,0.075
12/9/2022,21.7,24.1,18.4,91,39.12,14.5,1.7,6.3125,8.25,5,0.39625,1.2,0.075
12/10/2022,25.8,30.5,20.9,85,0,20,2.4,6.3125,8.25,5,0.39625,1.2,0.075
12/11/2022,25.2,30.8,22.3,89,0,20,1.1,6.3125,8.25,5,0.39625,1.2,0.075
12/12/2022,25.5,30.8,22.1,87,0,18.8,0.4,6.3125,8.25,5,0.39625,1.2,0.075
12/13/2022,26.2,32,22.4,82,2.03,18.5,1.1,6.3125,8.25,5,0.39625,1.2,0.075
12/14/2022,26.2,30.3,23.5,85,1.78,16.9,0,6.3125,8.25,5,0.39625,1.2,0.075
12/15/2022,25.8,30.8,22.5,83,0,16.9,0.7,6.3125,8.25,5,0.39625,1.2,0.075
12/16/2022,26.8,30.8,21.6,79,0,20,1.1,6.3125,8.25,5,0.39625,1.2,0.075
12/17/2022,26.8,30.8,21.6,79,0,20,1.1,6.3125,8.25,5,0.39625,1.2,0.075
12/18/2022,25.5,29.1,22.5,85,0,18.8,0.7,6.3125,8.25,5,0.39625,1.2,0.075
12/19/2022,23.8,24.3,23.2,98,16.76,13.7,0,6.3125,8.25,5,0.39625,1.2,0.075
12/20/2022,26.1,29.9,22.9,91,91.19,20,0,6.3125,8.25,5,0.39625,1.2,0.075
12/21/2022,24,25.4,22.7,96,42.67,18.8,0.2,6.3125,8.25,5,0.39625,1.2,0.075
12/22/2022,24.3,28.4,22,92,26.42,18.8,0.2,6.3125,8.25,5,0.39625,1.2,0.075
12/23/2022,25.8,30.1,21.4,87,0,14.8,0.2,6.3125,8.25,5,0.39625,1.2,0.075
12/24/2022,25.2,28.1,23.7,91,2.03,15.4,0.7,6.3125,8.25,5,0.39625,1.2,0.075
12/25/2022,23.8,25.8,21.9,96,42.16,11.1,0,6.3125,8.25,5,0.39625,1.2,0.075
12/26/2022,26.7,31.3,21.9,84,6.6,17.5,0.2,6.3125,8.25,5,0.39625,1.2,0.075
12/27/2022,26.4,31.7,23.3,88,7.87,18.2,0.2,6.3125,8.25,5,0.39625,1.2,0.075
12/28/2022,26.4,30,24.3,87,0.51,20,1.1,6.3125,8.25,5,0.39625,1.2,0.075
12/29/2022,26,30.7,23.4,82,0.51,20,1.1,6.3125,8.25,5,0.39625,1.2,0.075
12/30/2022,25.4,30,22.1,79,0,20,1.3,6.3125,8.25,5,0.39625,1.2,0.075
12/31/2022,25.2,29.5,21.4,84,0,19.3,0.7,6.3125,8.25,5,0.39625,1.2,0.075
1/1/2023,25.8,31,21.7,80,0,18.2,0.2,6.3125,8.25,5,0.39625,1.2,0.075
1/2/2023,25,30,21.2,80,0,20,0.2,6.3125,8.25,5,0.39625,1.2,0.075
1/3/2023,24.9,30.1,20.8,82,0,18.8,0.9,6.3125,8.25,5,0.39625,1.2,0.075
1/4/2023,25.2,29.7,21.1,82,0,19.3,0.2,6.3125,8.25,5,0.39625,1.2,0.075
1/5/2023,26.1,30.5,22.4,85,0,20,1.5,6.3125,8.25,5,0.39625,1.2,0.075
1/6/2023,24.2,26.5,23.3,96,8.13,13.7,0.9,6.3125,8.25,5,0.39625,1.2,0.075
1/7/2023,23.9,26.7,22.9,97,10.41,12.1,0.7,6.3125,8.25,5,0.39625,1.2,0.075
1/8/2023,24.8,28.6,22.2,87,80.01,16.9,0.4,6.3125,8.25,5,0.39625,1.2,0.075
1/9/2023,24,29.1,20.6,84,0,19.8,0.6,6.3125,8.25,5,0.39625,1.2,0.075
1/10/2023,23.7,29.1,19.6,81,0,20,0.9,6.3125,8.25,5,0.39625,1.2,0.075
1/11/2023,24.3,29.8,19.2,79,0,19.8,0.9,6.3125,8.25,5,0.39625,1.2,0.075
1/12/2023,23.5,29.3,18.6,79,0,19.3,0.4,6.3125,8.25,5,0.39625,1.2,0.075
1/13/2023,24,29.3,18.6,83,0,19.3,0.7,6.3125,8.25,5,0.39625,1.2,0.075
1/14/2023,24.8,29.7,20.7,83,0,20,0.9,6.3125,8.25,5,0.39625,1.2,0.075
1/15/2023,25.3,30.4,21.1,82,0,20,0,6.3125,8.25,5,0.39625,1.2,0.075
1/16/2023,25.2,30.1,21.5,87,0,20,0.4,6.3125,8.25,5,0.39625,1.2,0.075
1/17/2023,26.2,31.3,22.6,84,0,20,1.5,6.3125,8.25,5,0.39625,1.2,0.075
1/18/2023,24.6,29.8,21.1,82,0,19.3,2.8,6.3125,8.25,5,0.39625,1.2,0.075
1/19/2023,23.9,29.2,19.8,80,0,18.2,0.9,6.3125,8.25,5,0.39625,1.2,0.075
1/20/2023,23.7,29.8,19.7,87,0,18.5,1.1,6.3125,8.25,5,0.39625,1.2,0.075
1/21/2023,24.8,29,21.3,88,0,19.8,1.5,6.3125,8.25,5,0.39625,1.2,0.075
1/22/2023,24.4,27.6,21.7,91,2.79,18.8,0.7,6.3125,8.25,5,0.39625,1.2,0.075
1/23/2023,24.9,29.6,23.6,92,0,20,0,6.3125,8.25,5,0.39625,1.2,0.075
1/24/2023,25.4,29.8,21.8,84,39.88,20,0.7,6.3125,8.25,5,0.39625,1.2,0.075
1/25/2023,25.2,30,21.1,80,0,20,2.8,6.3125,8.25,5,0.39625,1.2,0.075
1/26/2023,24.6,29,21.9,84,0,18.8,2.6,6.3125,8.25,5,0.39625,1.2,0.075
1/27/2023,25.1,28.7,21.8,87,0,18.8,1.5,6.3125,8.25,5,0.39625,1.2,0.075
1/28/2023,25,30.5,21,77,0,19.8,1.9,6.3125,8.25,5,0.39625,1.2,0.075
1/29/2023,25,29.9,20.8,81,0,20,1.1,6.3125,8.25,5,0.39625,1.2,0.075
1/30/2023,25.8,30.6,22,86,0,20,0.7,6.3125,8.25,5,0.39625,1.2,0.075
1/31/2023,24.6,27.2,23.6,90,8.13,20,1.7,6.3125,8.25,5,0.39625,1.2,0.075
2/1/2023,25.2,28.6,22.8,85,0,20,0.7,6.3125,8.25,5,0.39625,1.2,0.075
2/2/2023,24.2,25.7,22.7,96,31.5,20,0.7,6.3125,8.25,5,0.39625,1.2,0.075
2/3/2023,24.2,25.7,22.7,96,31.5,20,0.7,6.3125,8.25,5,0.39625,1.2,0.075
2/4/2023,24.2,25.7,22.7,96,31.5,20,0.7,6.3125,8.25,5,0.39625,1.2,0.075
2/5/2023,26.1,30.4,22.9,82,8.13,20,1.1,6.3125,8.25,5,0.39625,1.2,0.075
2/6/2023,25.8,28.8,22.7,87,0,19.8,0.2,6.3125,8.25,5,0.39625,1.2,0.075
2/7/2023,26.9,31.3,23.6,84,0.25,20,0.7,6.3125,8.25,5,0.39625,1.2,0.075
2/8/2023,26.9,31.5,24,82,0,20,0.9,6.3125,8.25,5,0.39625,1.2,0.075
2/9/2023,25.9,31.9,23.4,85,0,20,0.2,6.3125,8.25,5,0.39625,1.2,0.075
2/10/2023,25.7,31.1,22.5,82,0,17.5,0.2,6.3125,8.25,5,0.39625,1.2,0.075
2/11/2023,25.4,31,20.9,81,0,20,0.4,6.3125,8.25,5,0.39625,1.2,0.075
2/12/2023,25.4,31.3,21.1,77,0,17.7,0.9,6.3125,8.25,5,0.39625,1.2,0.075
2/13/2023,25.1,30.4,21,77,0,18.8,0.7,6.3125,8.25,5,0.39625,1.2,0.075
2/14/2023,25.6,31.9,21.2,76,0,18.8,0.7,6.3125,8.25,5,0.39625,1.2,0.075
2/15/2023,24.7,30.6,20.6,74,0,20,1.5,6.3125,8.25,5,0.39625,1.2,0.075
2/16/2023,24.9,30.1,20.4,72,0,20,1.5,6.3125,8.25,5,0.39625,1.2,0.075
2/17/2023,25.8,31.6,20.2,78,0,20,1.9,6.3125,8.25,5,0.39625,1.2,0.075
2/18/2023,26.3,31.8,21.6,83,0,20,0.7,6.3125,8.25,5,0.39625,1.2,0.075
2/19/2023,26.6,30.7,23.8,81,1.52,20,3.1,6.3125,8.25,5,0.39625,1.2,0.075
2/20/2023,26.3,30.2,22.7,83,0,20,1.5,6.3125,8.25,5,0.39625,1.2,0.075
2/21/2023,26.9,32.9,22.8,74,0.51,20,2.4,6.3125,8.25,5,0.39625,1.2,0.075
2/22/2023,25.7,31.1,21.5,70,0,20,1.9,6.3125,8.25,5,0.39625,1.2,0.075
2/23/2023,26.4,32.2,21.2,74,0,20,1.9,6.3125,8.25,5,0.39625,1.2,0.075
2/24/2023,26.9,32.7,22.2,78,0,20,2,6.3125,8.25,5,0.39625,1.2,0.075
2/25/2023,26.7,32.9,22,75,0,20,0.9,6.3125,8.25,5,0.39625,1.2,0.075
2/26/2023,25.6,31,21.4,73,0,20,0.4,6.3125,8.25,5,0.39625,1.2,0.075
2/27/2023,25.6,31.1,20.5,80,0,20,1.1,6.3125,8.25,5,0.39625,1.2,0.075
2/28/2023,25.2,30.4,22.6,91,1.52,20,0.9,6.3125,8.25,5,0.39625,1.2,0.075
3/1/2023,27.3,31.3,24,80,7.87,20,1.7,6.3125,8.25,5,0.39625,1.2,0.075
3/2/2023,26.7,31.6,23.1,80,0,20,1.1,6.3125,8.25,5,0.39625,1.2,0.075
3/3/2023,26.9,31.8,23.5,79,0,20,3.7,6.3125,8.25,5,0.39625,1.2,0.075
3/4/2023,26.1,30.3,23.1,85,0,20,3.1,6.3125,8.25,5,0.39625,1.2,0.075
3/5/2023,27.1,31.9,23.2,83,0,20,3.3,6.3125,8.25,5,0.39625,1.2,0.075
3/6/2023,27.4,32.5,23.4,82,0,20,1.1,6.3125,8.25,5,0.39625,1.2,0.075
3/7/2023,27.1,31.8,23.5,84,0,19.3,0.2,6.3125,8.25,5,0.39625,1.2,0.075
3/8/2023,27.5,32.4,23.8,81,0,20,3,6.3125,8.25,5,0.39625,1.2,0.075
3/9/2023,27.3,31.4,23.8,82,0,20,3.1,6.3125,8.25,5,0.39625,1.2,0.075
3/10/2023,27.2,30.8,23.9,85,0,20,1.3,6.3125,8.25,5,0.39625,1.2,0.075
3/11/2023,28.1,33.1,24.4,78,0,20,0.9,6.3125,8.25,5,0.39625,1.2,0.075
3/12/2023,27.4,31.6,24.2,80,0,20,2.6,6.3125,8.25,5,0.39625,1.2,0.075
3/13/2023,27.6,32.4,24.3,78,0,20,2.2,6.3125,8.25,5,0.39625,1.2,0.075
3/14/2023,27.9,33.2,23.6,76,0,20,1.5,6.3125,8.25,5,0.39625,1.2,0.075
3/15/2023,27.9,32.9,23.9,79,0,20,1.1,6.3125,8.25,5,0.39625,1.2,0.075
3/16/2023,28.8,33.5,23.9,76,1.27,20,0.9,6.3125,8.25,5,0.39625,1.2,0.075
3/17/2023,28.7,34.4,24.8,76,0,20,1.5,6.3125,8.25,5,0.39625,1.2,0.075
3/18/2023,27.7,34.9,23,79,0,20,1.1,6.3125,8.25,5,0.39625,1.2,0.075
3/19/2023,27.7,33.5,22.9,78,26.92,20,0,6.3125,8.25,5,0.39625,1.2,0.075
3/20/2023,27.6,32.7,23.9,79,0,20,0.4,6.3125,8.25,5,0.39625,1.2,0.075
3/21/2023,28.1,33,23.9,78,10.41,20,0,6.3125,8.25,5,0.39625,1.2,0.075
3/22/2023,27,34,24,82,0,20,1.5,6.3125,8.25,5,0.39625,1.2,0.075
3/23/2023,27.7,34.3,23.4,79,11.43,17.2,1.1,6.3125,8.25,5,0.39625,1.2,0.075
3/24/2023,27.9,33.6,23.5,78,11.18,20,0.7,6.3125,8.25,5,0.39625,1.2,0.075
3/25/2023,28.9,33.5,23.7,74,0,20,0.4,6.3125,8.25,5,0.39625,1.2,0.075
3/26/2023,28.5,33.9,24.7,74,0,20,2.6,6.3125,8.25,5,0.39625,1.2,0.075
3/27/2023,29.4,34.4,24.6,74,6.35,20,2,6.3125,8.25,5,0.39625,1.2,0.075
3/28/2023,29.3,34.2,25.1,72,0,20,1.1,6.3125,8.25,5,0.39625,1.2,0.075
3/29/2023,29.4,35.2,24.7,70,0,20,1.1,6.3125,8.25,5,0.39625,1.2,0.075
3/30/2023,29.2,34.8,24.4,69,0,20,0,6.3125,8.25,5,0.39625,1.2,0.075
3/31/2023,28.9,35,23.9,73,0,20,0,6.3125,8.25,5,0.39625,1.2,0.075
4/1/2023,28.4,35,24.1,75,4.57,18.8,0,6.3125,8.25,5,0.39625,1.2,0.075
4/2/2023,27.8,34.8,23.9,79,6.35,18.5,1.9,6.3125,8.25,5,0.39625,1.2,0.075
4/3/2023,32.8,34.6,24,80,11.18,20,1.3,6.3125,8.25,5,0.39625,1.2,0.075
4/4/2023,27.5,34.3,23.5,80,32.26,19.5,0.9,6.3125,8.25,5,0.39625,1.2,0.075
4/5/2023,29,34.4,23.2,75,87.88,20,0.4,6.3125,8.25,5,0.39625,1.2,0.075
4/6/2023,29.5,34.2,24.7,73,1.52,20,0.9,6.3125,8.25,5,0.39625,1.2,0.075
4/7/2023,28.8,33.8,24.9,72,0,20,0.2,6.3125,8.25,5,0.39625,1.2,0.075
4/8/2023,27.9,32.9,24.4,78,0,20,0,6.3125,8.25,5,0.39625,1.2,0.075
4/9/2023,27.7,33.3,24.4,85,0,20,0.2,6.3125,8.25,5,0.39625,1.2,0.075
4/10/2023,28.6,34,24.9,79,2.03,20,0.4,6.3125,8.25,5,0.39625,1.2,0.075
4/11/2023,29.4,34,24.8,74,0,20,1.3,6.3125,8.25,5,0.39625,1.2,0.075
4/12/2023,29.7,34.7,25.5,76,0,20,0.4,6.3125,8.25,5,0.39625,1.2,0.075
4/13/2023,30.1,34.8,25.7,75,0,20,0.4,6.3125,8.25,5,0.39625,1.2,0.075
4/14/2023,29.6,35.1,25.7,75,0,20,1.9,6.3125,8.25,5,0.39625,1.2,0.075
4/15/2023,28.2,34.4,24.3,80,0,20,1.3,6.3125,8.25,5,0.39625,1.2,0.075
4/16/2023,28.6,34.6,24.1,77,39.62,20,1.5,6.3125,8.25,5,0.39625,1.2,0.075
4/17/2023,29.6,34.9,24.5,75,0,20,0.7,6.3125,8.25,5,0.39625,1.2,0.075
4/18/2023,29.9,34.7,25.9,74,1.78,20,0,6.3125,8.25,5,0.39625,1.2,0.075
4/19/2023,29.9,35.1,25.9,78,0,20,0.2,6.3125,8.25,5,0.39625,1.2,0.075
4/20/2023,28.7,34.2,24.5,78,0,20,0.7,6.3125,8.25,5,0.39625,1.2,0.075
4/21/2023,29.3,35.4,23.9,75,0.25,20,3,6.3125,8.25,5,0.39625,1.2,0.075
4/22/2023,28.3,35.3,25,79,0,20,0.4,6.3125,8.25,5,0.39625,1.2,0.075
4/23/2023,29.2,35.7,24.4,78,0,20,1.3,6.3125,8.25,5,0.39625,1.2,0.075
4/24/2023,29,34.8,24.7,79,0.25,20,1.1,6.3125,8.25,5,0.39625,1.2,0.075
4/25/2023,28.3,34.3,24.8,81,0,20,1.9,6.3125,8.25,5,0.39625,1.2,0.075
4/26/2023,27.2,32.5,24.5,89,0,20,0.6,6.3125,8.25,5,0.39625,1.2,0.075
4/27/2023,29.1,33.8,25,82,3.81,20,1.3,6.3125,8.25,5,0.39625,1.2,0.075
4/28/2023,29,33.7,25.1,81,0,20,1.3,6.3125,8.25,5,0.39625,1.2,0.075
4/29/2023,26.7,32.1,24.5,88,0,20,2,6.3125,8.25,5,0.39625,1.2,0.075
4/30/2023,27.4,33.6,23.8,80,0,19.8,1.3,6.3125,8.25,5,0.39625,1.2,0.075
5/1/2023,27.5,33.2,24,85,87.63,20,0.7,6.3125,8.25,5,0.39625,1.2,0.075
5/2/2023,26.8,30.2,24.3,88,12.7,20,0.4,6.3125,8.25,5,0.39625,1.2,0.075
5/3/2023,26.8,30.2,24.3,88,12.7,20,0.4,6.3125,8.25,5,0.39625,1.2,0.075
5/4/2023,26.8,30.2,24.3,88,12.7,20,0.4,6.3125,8.25,5,0.39625,1.2,0.075
5/5/2023,26.1,28.9,23.1,84,55.63,20,1.5,6.3125,8.25,5,0.39625,1.2,0.075
5/6/2023,27.8,32.1,24.2,84,0,20,1.5,6.3125,8.25,5,0.39625,1.2,0.075
5/7/2023,26.7,30.2,23,91,7.62,20,1.1,6.3125,8.25,5,0.39625,1.2,0.075
5/8/2023,26.8,31.6,23.6,89,7.62,20,0.7,6.3125,8.25,5,0.39625,1.2,0.075
5/9/2023,27.7,32.9,25.1,88,0.76,20,1.3,6.3125,8.25,5,0.39625,1.2,0.075
5/10/2023,28.5,32,25.1,85,2.29,20,2.8,6.3125,8.25,5,0.39625,1.2,0.075
5/11/2023,28.5,32.5,25.7,82,0,20,7.2,6.3125,8.25,5,0.39625,1.2,0.075
5/12/2023,29.1,33.2,25.9,81,0,20,8.1,6.3125,8.25,5,0.39625,1.2,0.075
5/13/2023,28.6,31.6,26.4,82,0,20,8.9,6.3125,8.25,5,0.39625,1.2,0.075
5/14/2023,29.2,33.3,26.1,81,0,20,4.3,6.3125,8.25,5,0.39625,1.2,0.075
5/15/2023,29.5,33.4,26.5,81,0,20,2.8,6.3125,8.25,5,0.39625,1.2,0.075
5/16/2023,29.8,34.7,25.8,79,0,20,2,6.3125,8.25,5,0.39625,1.2,0.075
5/17/2023,29.8,34.6,26.5,81,0,20,3.3,6.3125,8.25,5,0.39625,1.2,0.075
5/18/2023,29.3,34.1,26.7,83,0,20,3.9,6.3125,8.25,5,0.39625,1.2,0.075
5/19/2023,29.2,33.8,25.9,79,3.56,20,7,6.3125,8.25,5,0.39625,1.2,0.075
5/20/2023,29.2,33.5,25.9,81,0,20,7,6.3125,8.25,5,0.39625,1.2,0.075
5/21/2023,28.9,33.6,25.2,79,0,20,6.5,6.3125,8.25,5,0.39625,1.2,0.075
5/22/2023,29.5,34.3,24.9,77,0,20,4.1,6.3125,8.25,5,0.39625,1.2,0.075
5/23/2023,29.4,34.6,25.1,78,0,20,2.6,6.3125,8.25,5,0.39625,1.2,0.075
5/24/2023,29.2,34.3,25.5,77,0,20,2.4,6.3125,8.25,5,0.39625,1.2,0.075
5/25/2023,29.3,33.9,25.3,77,0,20,2.4,6.3125,8.25,5,0.39625,1.2,0.075
5/26/2023,29.7,34.2,26.1,74,0,20,4.4,6.3125,8.25,5,0.39625,1.2,0.075
5/27/2023,29.9,35.1,26.2,76,0,20,2.2,6.3125,8.25,5,0.39625,1.2,0.075
5/28/2023,30.1,35,26.4,78,0,20,6.1,6.3125,8.25,5,0.39625,1.2,0.075
5/29/2023,28.9,35,24.8,81,0,20,3.1,6.3125,8.25,5,0.39625,1.2,0.075
5/30/2023,29.4,34.6,24.3,80,24.64,20,1.1,6.3125,8.25,5,0.39625,1.2,0.075
5/31/2023,29.8,34.9,25.8,76,0,20,1.3,6.3125,8.25,5,0.39625,1.2,0.075
6/1/2023,29.9,34.2,25.9,76,0,20,3.3,6.3125,8.25,5,0.39625,1.2,0.075
6/2/2023,29.5,33.7,26.3,79,0,20,4.6,6.3125,8.25,5,0.39625,1.2,0.075
6/3/2023,29.7,33.8,26.6,79,0,20,2.2,6.3125,8.25,5,0.39625,1.2,0.075
6/4/2023,29.3,34.1,26.4,78,0,20,3.7,6.3125,8.25,5,0.39625,1.2,0.075
6/5/2023,29.3,34,25.9,77,0,20,6.1,6.3125,8.25,5,0.39625,1.2,0.075
6/6/2023,29.3,33.5,26.2,79,0,20,7.2,6.3125,8.25,5,0.39625,1.2,0.075
6/7/2023,29.4,33.5,26.7,78,0,20,8.3,6.3125,8.25,5,0.39625,1.2,0.075
6/8/2023,29.3,33.3,26.2,78,0,20,7.8,6.3125,8.25,5,0.39625,1.2,0.075
6/9/2023,28.9,32.5,26,80,0,20,8.7,6.3125,8.25,5,0.39625,1.2,0.075
6/10/2023,29.1,33.8,26,76,0,20,10.6,6.3125,8.25,5,0.39625,1.2,0.075
6/11/2023,29.6,34.4,26.2,78,0,20,8.9,6.3125,8.25,5,0.39625,1.2,0.075
6/12/2023,29.4,34.7,26.3,77,0,20,8.9,6.3125,8.25,5,0.39625,1.2,0.075
6/13/2023,29.3,34.7,26,74,0,20,9.4,6.3125,8.25,5,0.39625,1.2,0.075
6/14/2023,29.8,34.4,26,72,0,20,8.1,6.3125,8.25,5,0.39625,1.2,0.075
6/15/2023,29.2,34.4,26.9,77,0,20,9.3,6.3125,8.25,5,0.39625,1.2,0.075
6/16/2023,29.7,34.7,26.8,75,0,20,4.4,6.3125,8.25,5,0.39625,1.2,0.075
6/17/2023,28.6,31.1,26.6,79,0,20,3.7,6.3125,8.25,5,0.39625,1.2,0.075
6/18/2023,26.6,31.5,24,87,0,20,1.5,6.3125,8.25,5,0.39625,1.2,0.075
6/19/2023,29.1,33.5,23.6,77,1.78,20,2,6.3125,8.25,5,0.39625,1.2,0.075
6/20/2023,29.1,34.4,26.1,78,0,20,6.3,6.3125,8.25,5,0.39625,1.2,0.075
6/21/2023,28.8,33.6,26.3,80,0,20,2,6.3125,8.25,5,0.39625,1.2,0.075
6/22/2023,29.6,34.5,25.6,75,0,20,3.9,6.3125,8.25,5,0.39625,1.2,0.075
6/23/2023,29.3,34.4,26.1,76,0,20,3.5,6.3125,8.25,5,0.39625,1.2,0.075
6/24/2023,29.6,35.3,25.9,73,0,20,2.4,6.3125,8.25,5,0.39625,1.2,0.075
6/25/2023,29.6,33.3,26.3,75,0,20,9.1,6.3125,8.25,5,0.39625,1.2,0.075
6/26/2023,28.7,33.2,25.3,75,0,20,9.1,6.3125,8.25,5,0.39625,1.2,0.075
6/27/2023,28.3,33.2,24.9,76,0,20,8,6.3125,8.25,5,0.39625,1.2,0.075
6/28/2023,29.4,34.7,25.2,70,0,20,2.4,6.3125,8.25,5,0.39625,1.2,0.075
6/29/2023,29.2,33.8,25.3,75,0,20,3.5,6.3125,8.25,5,0.39625,1.2,0.075
6/30/2023,29.9,34.5,25.6,72,0,20,4.1,6.3125,8.25,5,0.39625,1.2,0.075
7/1/2023,29.3,34.6,25.9,77,0,20,2.8,6.3125,8.25,5,0.39625,1.2,0.075
7/2/2023,28.8,32.2,26.2,80,0,20,1.9,6.3125,8.25,5,0.39625,1.2,0.075
7/3/2023,28.2,31.7,25.6,79,0,20,3.1,6.3125,8.25,5,0.39625,1.2,0.075
7/4/2023,28.1,32.3,25.2,77,0,20,8.9,6.3125,8.25,5,0.39625,1.2,0.075
7/5/2023,27.8,32.6,25.6,78,0,20,10.6,6.3125,8.25,5,0.39625,1.2,0.075
7/6/2023,28.3,32.7,25.5,78,0,20,5.6,6.3125,8.25,5,0.39625,1.2,0.075
7/7/2023,28.8,32.8,25.6,75,0,20,5.4,6.3125,8.25,5,0.39625,1.2,0.075
7/8/2023,28.8,33.9,25.4,75,0,20,7.6,6.3125,8.25,5,0.39625,1.2,0.075
7/9/2023,29.7,35.8,25.3,74,0,20,7.8,6.3125,8.25,5,0.39625,1.2,0.075
7/10/2023,28.3,32.1,25.6,79,0,20,4.1,6.3125,8.25,5,0.39625,1.2,0.075
7/11/2023,28.2,32,25.9,79,0,20,1.9,6.3125,8.25,5,0.39625,1.2,0.075
7/12/2023,28.9,34.1,25.9,74,0,20,1.9,6.3125,8.25,5,0.39625,1.2,0.075
7/13/2023,29.1,34.2,25.4,74,0,20,4.3,6.3125,8.25,5,0.39625,1.2,0.075
7/14/2023,29.3,34.5,25.4,71,0,20,2.2,6.3125,8.25,5,0.39625,1.2,0.075
7/15/2023,29.6,35.5,25.8,69,0,20,3,6.3125,8.25,5,0.39625,1.2,0.075
7/16/2023,29.7,35.3,26.3,70,0,20,3.1,6.3125,8.25,5,0.39625,1.2,0.075
7/17/2023,29.5,34.3,26.3,72,0,20,4.8,6.3125,8.25,5,0.39625,1.2,0.075
7/18/2023,29.4,33.7,26.3,70,0,20,4.8,6.3125,8.25,5,0.39625,1.2,0.075
7/19/2023,29.4,33.7,26.6,69,0,20,7.2,6.3125,8.25,5,0.39625,1.2,0.075
7/20/2023,28.9,32.6,26.1,74,0,20,3.3,6.3125,8.25,5,0.39625,1.2,0.075
7/21/2023,29.4,35.4,25.8,71,0,20,1.9,6.3125,8.25,5,0.39625,1.2,0.075
7/22/2023,29.4,34.1,26,72,0,20,1.3,6.3125,8.25,5,0.39625,1.2,0.075
7/23/2023,29.6,34.5,26.5,72,0,20,2.2,6.3125,8.25,5,0.39625,1.2,0.075
7/24/2023,28.8,32.2,26,75,0,20,2,6.3125,8.25,5,0.39625,1.2,0.075
7/25/2023,29.2,34.1,26.1,73,0,20,2,6.3125,8.25,5,0.39625,1.2,0.075
7/26/2023,28.3,32.2,25.6,77,0,20,8.1,6.3125,8.25,5,0.39625,1.2,0.075
7/27/2023,28.9,33.6,26.2,74,0,20,8.7,6.3125,8.25,5,0.39625,1.2,0.075
7/28/2023,29.6,35.7,25.6,72,0,20,7,6.3125,8.25,5,0.39625,1.2,0.075
7/29/2023,29.8,35.8,25.5,69,0,20,4.1,6.3125,8.25,5,0.39625,1.2,0.075
7/30/2023,30,36.8,25.5,69,0,20,7,6.3125,8.25,5,0.39625,1.2,0.075
7/31/2023,29.1,34.2,25.8,71,0,20,8,6.3125,8.25,5,0.39625,1.2,0.075
8/1/2023,29.1,35.3,25.8,72,0,20,4.1,6.3125,8.25,5,0.39625,1.2,0.075
8/2/2023,29.4,35.1,25.6,68,0,20,3.7,6.3125,8.25,5,0.39625,1.2,0.075
8/3/2023,29.5,35.1,25.9,69,0,20,5.9,6.3125,8.25,5,0.39625,1.2,0.075
8/4/2023,29.9,36,25.9,68,0,20,1.5,6.3125,8.25,5,0.39625,1.2,0.075
8/5/2023,30.2,37.2,25.9,67,0,20,0.9,6.3125,8.25,5,0.39625,1.2,0.075
8/6/2023,30.1,37.2,25.6,65,0,20,2.6,6.3125,8.25,5,0.39625,1.2,0.075
8/7/2023,30.2,36.5,25.8,64,0,20,2.2,6.3125,8.25,5,0.39625,1.2,0.075
8/8/2023,29.4,34.5,26.1,68,0,20,3.7,6.3125,8.25,5,0.39625,1.2,0.075
8/9/2023,29.8,35.8,25.9,67,0,20,4.3,6.3125,8.25,5,0.39625,1.2,0.075
8/10/2023,29.3,35.4,25.7,71,0,20,3.9,6.3125,8.25,5,0.39625,1.2,0.075
8/11/2023,29.4,37.8,25.1,69,0,20,1.5,6.3125,8.25,5,0.39625,1.2,0.075
8/12/2023,29.3,35.5,25.5,71,0,20,6.1,6.3125,8.25,5,0.39625,1.2,0.075
8/13/2023,29.4,35,25.8,69,0,20,6.3,6.3125,8.25,5,0.39625,1.2,0.075
8/14/2023,29.4,34.8,25.6,66,0,20,6.9,6.3125,8.25,5,0.39625,1.2,0.075
8/15/2023,28.9,35.1,24.8,69,0,20,1.1,6.3125,8.25,5,0.39625,1.2,0.075
8/16/2023,29.2,35.6,24.4,65,0,20,0.4,6.3125,8.25,5,0.39625,1.2,0.075
8/17/2023,29.4,35.1,24.9,67,0,20,5.9,6.3125,8.25,5,0.39625,1.2,0.075
8/18/2023,29,34.4,25.1,70,0,20,2.8,6.3125,8.25,5,0.39625,1.2,0.075
8/19/2023,29.1,34.8,25.1,68,0,20,2.4,6.3125,8.25,5,0.39625,1.2,0.075
8/20/2023,29.7,35.8,24.9,64,0,20,4.6,6.3125,8.25,5,0.39625,1.2,0.075
8/21/2023,30.8,37.3,26.1,65,0,20,4.3,6.3125,8.25,5,0.39625,1.2,0.075
8/22/2023,30.7,37.3,26.3,65,0,17.7,3,6.3125,8.25,5,0.39625,1.2,0.075
8/23/2023,30.4,36.7,26.7,65,0,20,6.9,6.3125,8.25,5,0.39625,1.2,0.075
8/24/2023,30.1,36.3,25.8,66,0,20,6.3,6.3125,8.25,5,0.39625,1.2,0.075
8/25/2023,30,36.2,25.3,68,0,20,4.4,6.3125,8.25,5,0.39625,1.2,0.075
8/26/2023,29.9,36.3,25.1,69,0,20,1.5,6.3125,8.25,5,0.39625,1.2,0.075
8/27/2023,30.3,36.2,25.1,67,0,20,1.9,6.3125,8.25,5,0.39625,1.2,0.075
8/28/2023,29.9,35.9,25.3,69,0,20,3.7,6.3125,8.25,5,0.39625,1.2,0.075
8/29/2023,28.8,34.1,25.6,76,0,20,4.3,6.3125,8.25,5,0.39625,1.2,0.075
8/30/2023,29,35,25.3,76,0,20,2,6.3125,8.25,5,0.39625,1.2,0.075
8/31/2023,28.7,35,25.4,80,0.51,20,1.3,6.3125,8.25,5,0.39625,1.2,0.075
9/1/2023,28.5,34.8,25.1,77,2.29,20,3.5,6.3125,8.25,5,0.39625,1.2,0.075
9/2/2023,28.9,34.3,25.1,77,0,20,6.7,6.3125,8.25,5,0.39625,1.2,0.075
9/3/2023,27.2,32.3,25.3,85,0,20,3,6.3125,8.25,5,0.39625,1.2,0.075
9/4/2023,28.6,33.8,24.6,74,11.43,20,5.6,6.3125,8.25,5,0.39625,1.2,0.075
9/5/2023,28.7,33.4,25.6,74,0,20,5.7,6.3125,8.25,5,0.39625,1.2,0.075
9/6/2023,27.7,31.9,24.7,80,0,20,5,6.3125,8.25,5,0.39625,1.2,0.075
9/7/2023,25.7,29.2,24.3,91,22.86,20,1.3,6.3125,8.25,5,0.39625,1.2,0.075
9/8/2023,27.8,32,24,77,2.29,20,4.6,6.3125,8.25,5,0.39625,1.2,0.075
9/9/2023,29.2,33.6,25,68,0,20,3.9,6.3125,8.25,5,0.39625,1.2,0.075
9/10/2023,28.7,33.5,25,73,0,20,6.7,6.3125,8.25,5,0.39625,1.2,0.075
9/11/2023,27.9,32.6,25.3,78,0,20,7.8,6.3125,8.25,5,0.39625,1.2,0.075
9/12/2023,28.8,33.2,25.4,74,0,20,4.8,6.3125,8.25,5,0.39625,1.2,0.075
9/13/2023,28.6,33.5,25.7,79,0,20,5.6,6.3125,8.25,5,0.39625,1.2,0.075
9/14/2023,27.9,32,25.3,81,0,20,4.3,6.3125,8.25,5,0.39625,1.2,0.075
9/15/2023,28.9,33.7,24.5,69,0,20,5.2,6.3125,8.25,5,0.39625,1.2,0.075
9/16/2023,29.8,34.9,24.8,67,0,20,4.3,6.3125,8.25,5,0.39625,1.2,0.075
9/17/2023,28.2,32.6,25.2,77,0,20,6.1,6.3125,8.25,5,0.39625,1.2,0.075
9/18/2023,26.9,30.9,25.1,81,0,20,2.4,6.3125,8.25,5,0.39625,1.2,0.075
9/19/2023,29.4,32.6,24.5,72,0,20,5.9,6.3125,8.25,5,0.39625,1.2,0.075
9/20/2023,29.3,36,24.5,73,0,20,4.6,6.3125,8.25,5,0.39625,1.2,0.075
9/21/2023,29.6,35.5,24.9,72,0,20,2,6.3125,8.25,5,0.39625,1.2,0.075
9/22/2023,27.8,34.2,25,81,0,20,4.4,6.3125,8.25,5,0.39625,1.2,0.075
9/23/2023,28.5,34,24.4,79,0,20,4.8,6.3125,8.25,5,0.39625,1.2,0.075
9/24/2023,28.9,33.8,24.8,76,0,20,2.8,6.3125,8.25,5,0.39625,1.2,0.075
9/25/2023,29.6,35.1,25.3,72,0.25,20,2,6.3125,8.25,5,0.39625,1.2,0.075
9/26/2023,29.1,34.8,25.7,72,0,20,3.9,6.3125,8.25,5,0.39625,1.2,0.075
9/27/2023,29,34.8,25.2,74,0,20,2.4,6.3125,8.25,5,0.39625,1.2,0.075
9/28/2023,29,34,25.3,73,0,20,3.9,6.3125,8.25,5,0.39625,1.2,0.075
9/29/2023,26.6,31.5,24.1,83,0,20,4.1,6.3125,8.25,5,0.39625,1.2,0.075
9/30/2023,26,31.2,23.6,87,7.11,20,1.9,6.3125,8.25,5,0.39625,1.2,0.075
10/1/2023,26.5,30.2,23.2,85,4.32,20,2,6.3125,8.25,5,0.39625,1.2,0.075
10/2/2023,26.7,31.1,24.4,86,4.57,20,1.5,6.3125,8.25,5,0.39625,1.2,0.075
10/3/2023,27.4,32.5,24.7,79,0,20,4.4,6.3125,8.25,5,0.39625,1.2,0.075
10/4/2023,27.5,32.8,24.6,79,0,20,2.2,6.3125,8.25,5,0.39625,1.2,0.075
10/5/2023,28.5,32.9,24.9,78,0,20,4.6,6.3125,8.25,5,0.39625,1.2,0.075
10/6/2023,28,33.4,24.8,80,0,20,1.5,6.3125,8.25,5,0.39625,1.2,0.075
10/7/2023,28.7,35,25,75,0,20,2.8,6.3125,8.25,5,0.39625,1.2,0.075
10/8/2023,28.3,35.7,25.6,81,0,20,1.3,6.3125,8.25,5,0.39625,1.2,0.075
10/9/2023,28,35,24.8,78,0.76,20,1.5,6.3125,8.25,5,0.39625,1.2,0.075
10/10/2023,26.9,33.5,24.5,86,5.84,20,0,6.3125,8.25,5,0.39625,1.2,0.075
10/11/2023,27.9,33.2,24.2,80,0,20,1.1,6.3125,8.25,5,0.39625,1.2,0.075
10/12/2023,27.9,32.3,24.2,80,3.05,20,0,6.3125,8.25,5,0.39625,1.2,0.075
10/13/2023,28.2,34.5,23.5,75,0,20,0.4,6.3125,8.25,5,0.39625,1.2,0.075
10/14/2023,27.5,33,23.4,83,33.78,20,2,6.3125,8.25,5,0.39625,1.2,0.075
10/15/2023,25.5,28,23.8,93,24.38,20,0.4,6.3125,8.25,5,0.39625,1.2,0.075
10/16/2023,27.9,31.9,23.3,77,2.03,20,2,6.3125,8.25,5,0.39625,1.2,0.075
10/17/2023,26.7,31.2,24.3,87,0,20,0.6,6.3125,8.25,5,0.39625,1.2,0.075
10/18/2023,26.1,30.3,23.5,88,42.67,20,0.2,6.3125,8.25,5,0.39625,1.2,0.075
10/19/2023,27.2,31.3,23.3,80,0.51,20,0.4,6.3125,8.25,5,0.39625,1.2,0.075
10/20/2023,26.3,32.5,24.4,88,0.76,20,0.4,6.3125,8.25,5,0.39625,1.2,0.075
10/21/2023,26.9,31.4,23.9,85,4.83,20,0.2,6.3125,8.25,5,0.39625,1.2,0.075
10/22/2023,26.9,31.9,24.2,85,0.25,20,0.4,6.3125,8.25,5,0.39625,1.2,0.075
10/23/2023,27.8,33.1,23.8,77,17.78,20,0.7,6.3125,8.25,5,0.39625,1.2,0.075
10/24/2023,27.4,32.9,24,79,0,20,0,6.3125,8.25,5,0.39625,1.2,0.075
10/25/2023,26.9,32.5,23.9,84,49.53,20,0.4,6.3125,8.25,5,0.39625,1.2,0.075
10/26/2023,27.9,32.5,23.6,77,32.51,20,0.9,6.3125,8.25,5,0.39625,1.2,0.075
10/27/2023,27.8,33,23.7,79,0,20,0.4,6.3125,8.25,5,0.39625,1.2,0.075
10/28/2023,26.6,32.3,24.4,88,4.57,20,1.1,6.3125,8.25,5,0.39625,1.2,0.075
10/29/2023,26.8,32.1,23.6,86,3.3,20,0.7,6.3125,8.25,5,0.39625,1.2,0.075
10/30/2023,26.6,32,24.1,88,17.02,20,0,6.3125,8.25,5,0.39625,1.2,0.075
10/31/2023,27.4,31.9,24.4,86,7.87,20,0.2,6.3125,8.25,5,0.39625,1.2,0.075
11/1/2023,26.9,31.8,24.2,87,2.03,20,0.2,6.3125,8.25,5,0.39625,1.2,0.075
11/2/2023,26.8,31.8,24.1,90,5.59,20,0.2,6.3125,8.25,5,0.39625,1.2,0.075
11/3/2023,26.2,32.4,23.8,87,2.03,18.8,0.2,6.3125,8.25,5,0.39625,1.2,0.075
11/4/2023,26.2,30.4,23.3,88,146.81,20,0,6.3125,8.25,5,0.39625,1.2,0.075
11/5/2023,26.6,32.6,23.2,85,121.41,20,0.7,6.3125,8.25,5,0.39625,1.2,0.075
11/6/2023,26.4,31.4,23.1,88,9.4,20,0.2,6.3125,8.25,5,0.39625,1.2,0.075
11/7/2023,26.3,30.2,23.9,92,18.8,20,0,6.3125,8.25,5,0.39625,1.2,0.075
11/8/2023,27.6,32.5,24,82,5.08,20,0,6.3125,8.25,5,0.39625,1.2,0.075
11/9/2023,27,32.3,24.3,86,0,20,0.2,6.3125,8.25,5,0.39625,1.2,0.075
11/10/2023,27.4,32,27.4,88,10.67,20,0.7,6.3125,8.25,5,0.39625,1.2,0.075
11/11/2023,27.2,31.3,25.4,88,0.51,20,0.9,6.3125,8.25,5,0.39625,1.2,0.075
11/12/2023,26.4,30,25.1,91,1.02,20,0.4,6.3125,8.25,5,0.39625,1.2,0.075
11/13/2023,25.6,28.2,24.2,92,32.77,20,0,6.3125,8.25,5,0.39625,1.2,0.075
11/14/2023,26.7,30.8,24.1,89,0,20,0.6,6.3125,8.25,5,0.39625,1.2,0.075
11/15/2023,26.8,30.1,24.8,90,11.94,20,0.2,6.3125,8.25,5,0.39625,1.2,0.075
11/16/2023,27,31.3,24.3,89,0,20,0.2,6.3125,8.25,5,0.39625,1.2,0.075
11/17/2023,28,32,25.3,86,1.27,20,0,6.3125,8.25,5,0.39625,1.2,0.075
11/18/2023,27.1,32.6,24.9,87,0,20,0.2,6.3125,8.25,5,0.39625,1.2,0.075
11/19/2023,25.4,28.7,24,93,6.1,20,0.2,6.3125,8.25,5,0.39625,1.2,0.075
11/20/2023,26.6,32.2,23.7,90,6.35,20,0.6,6.3125,8.25,5,0.39625,1.2,0.075
11/21/2023,27.5,32,25,85,8.89,20,0.2,6.3125,8.25,5,0.39625,1.2,0.075
11/22/2023,26.5,31.4,24.5,91,6.86,20,0,6.3125,8.25,5,0.39625,1.2,0.075
11/23/2023,27.9,32.4,24.4,81,5.08,20,0,6.3125,8.25,5,0.39625,1.2,0.075
11/24/2023,27.8,31.8,25.1,84,0,20,0.2,6.3125,8.25,5,0.39625,1.2,0.075
11/25/2023,27.8,32.1,24.7,83,0,20,0.4,6.3125,8.25,5,0.39625,1.2,0.075
11/26/2023,27.6,31.9,24.2,82,0,20,1.5,6.3125,8.25,5,0.39625,1.2,0.075
11/27/2023,26.8,30.5,25,88,2.79,20,0.9,6.3125,8.25,5,0.39625,1.2,0.075
11/28/2023,26.9,31.6,24.4,88,4.57,20,0,6.3125,8.25,5,0.39625,1.2,0.075
11/29/2023,26.5,31,24.5,88,8.38,20,1.1,6.3125,8.25,5,0.39625,1.2,0.075
11/30/2023,25.8,29.9,24.5,90,1.52,20,0.6,6.3125,8.25,5,0.39625,1.2,0.075
12/1/2023,24.8,27.2,23.7,96,10.41,20,0,6.3125,8.25,5,0.39625,1.2,0.075
12/2/2023,26.3,29,23.7,90,22.61,20,0.4,6.3125,8.25,5,0.39625,1.2,0.075
12/3/2023,26.4,30.4,24.2,94,5.84,20,0.2,6.3125,8.25,5,0.39625,1.2,0.075
12/4/2023,26.6,29.6,24.9,91,18.54,20,0.2,6.3125,8.25,5,0.39625,1.2,0.075
12/5/2023,27.7,31.9,24.8,83,2.54,20,1.1,6.3125,8.25,5,0.39625,1.2,0.075
12/6/2023,28,32,24.6,83,0,20,0.2,6.3125,8.25,5,0.39625,1.2,0.075
12/7/2023,28.1,33.1,24.8,84,0,20,0.4,6.3125,8.25,5,0.39625,1.2,0.075
12/8/2023,27.2,32.5,24.4,87,8.13,20,0,6.3125,8.25,5,0.39625,1.2,0.075
12/9/2023,26.9,30.8,24.5,87,5.84,20,0.4,6.3125,8.25,5,0.39625,1.2,0.075
12/10/2023,26.4,30.8,25.1,91,0,20,1.1,6.3125,8.25,5,0.39625,1.2,0.075
12/11/2023,25.7,30.4,24.3,93,10.92,20,0.2,6.3125,8.25,5,0.39625,1.2,0.075
12/12/2023,26.4,29.4,24.1,88,4.06,20,0.9,6.3125,8.25,5,0.39625,1.2,0.075
12/13/2023,26.5,30.5,24.1,83,0,20,0.4,6.3125,8.25,5,0.39625,1.2,0.075
12/14/2023,24.6,25.7,23.6,96,3.56,20,0,6.3125,8.25,5,0.39625,1.2,0.075
12/15/2023,25.8,27.2,23.5,95,43.18,20,0,6.3125,8.25,5,0.39625,1.2,0.075
12/16/2023,25.9,28.6,24.4,95,63.75,19.3,0,6.3125,8.25,5,0.39625,1.2,0.075
12/17/2023,27.1,31.1,24.8,89,5.59,20,1.5,6.3125,8.25,5,0.39625,1.2,0.075
12/18/2023,26,29.8,24.3,91,3.81,20,0.9,6.3125,8.25,5,0.39625,1.2,0.075
12/19/2023,26,29.4,24.3,93,2.29,20,0.4,6.3125,8.25,5,0.39625,1.2,0.075
12/20/2023,27.2,30.6,24.3,88,6.86,20,1.1,6.3125,8.25,5,0.39625,1.2,0.075
12/21/2023,27.5,31.8,24.6,83,1.02,20,1.1,6.3125,8.25,5,0.39625,1.2,0.075
12/22/2023,26.6,30.5,24.5,86,0,20,0.7,6.3125,8.25,5,0.39625,1.2,0.075
12/23/2023,26.6,30.8,23.9,85,0,19.3,0,6.3125,8.25,5,0.39625,1.2,0.075
12/24/2023,27.1,31,23.9,85,0,19.3,0.2,6.3125,8.25,5,0.39625,1.2,0.075
12/25/2023,27.1,31,23.9,85,0,19.3,0.2,6.3125,8.25,5,0.39625,1.2,0.075
12/26/2023,27.1,31,23.9,85,0,19.3,0.2,6.3125,8.25,5,0.39625,1.2,0.075
12/27/2023,26.9,30.3,25.1,90,1.27,20,3.7,6.3125,8.25,5,0.39625,1.2,0.075
12/28/2023,25.3,27.2,24.6,95,12.19,20,0.2,6.3125,8.25,5,0.39625,1.2,0.075
12/29/2023,26.8,29.8,23.7,89,11.94,20,1.5,6.3125,8.25,5,0.39625,1.2,0.075
12/30/2023,26.2,29.5,24.8,91,0.25,20,3.1,6.3125,8.25,5,0.39625,1.2,0.075
12/31/2023,26.5,30.5,24.1,90,1.02,19.3,5,6.3125,8.25,5,0.39625,1.2,0.075
1/1/2024,25.3,27.7,24.2,99,1.02,20,3.9,6.3125,8.25,5,0.39625,1.2,0.075
1/2/2024,25.3,27.7,24.2,99,1.02,20,3.9,6.3125,8.25,5,0.39625,1.2,0.075
1/3/2024,27.3,33,23.5,86,0,20,2.6,6.3125,8.25,5,0.39625,1.2,0.075
1/4/2024,27.8,33.4,23.7,84,0,20,3.5,6.3125,8.25,5,0.39625,1.2,0.075
1/5/2024,27.8,33.4,24.2,86,7.62,20,3,6.3125,8.25,5,0.39625,1.2,0.075
1/6/2024,25.7,32.9,24.4,95,0.51,20,2,6.3125,8.25,5,0.39625,1.2,0.075
1/7/2024,25.3,32.9,23.7,98,7.11,20,3.9,6.3125,8.25,5,0.39625,1.2,0.075
1/8/2024,24.7,30,23.8,98,12.7,20,5.6,6.3125,8.25,5,0.39625,1.2,0.075
1/9/2024,25.1,26.8,23.8,95,33.53,20,4.4,6.3125,8.25,5,0.39625,1.2,0.075
1/10/2024,26.3,29.9,22.9,92,48.26,20,8.5,6.3125,8.25,5,0.39625,1.2,0.075
1/11/2024,24.7,31.5,23.3,97,0,20,4.4,6.3125,8.25,5,0.39625,1.2,0.075
1/12/2024,26.3,31.8,22.7,84,0,20,4.6,6.3125,8.25,5,0.39625,1.2,0.075
1/13/2024,25.7,31.9,22.2,85,0,20,4.3,6.3125,8.25,5,0.39625,1.2,0.075
1/14/2024,24.1,31.9,19.9,82,0,19.2,3.5,6.3125,8.25,5,0.39625,1.2,0.075
1/15/2024,25.7,32.4,19.7,81,0,19.2,3.1,6.3125,8.25,5,0.39625,1.2,0.075
1/16/2024,26.6,32.6,19.8,86,0,19.2,3.1,6.3125,8.25,5,0.39625,1.2,0.075
1/17/2024,27.6,33.4,24.4,90,0,19.2,4.3,6.3125,8.25,5,0.39625,1.2,0.075
1/18/2024,25.7,33.4,23.3,97,0,19.2,3.3,6.3125,8.25,5,0.39625,1.2,0.075
1/19/2024,26.9,32.4,23.4,92,0,19.2,4.6,6.3125,8.25,5,0.39625,1.2,0.075
1/20/2024,27.6,32.4,23.8,84,0,19.2,4.4,6.3125,8.25,5,0.39625,1.2,0.075
1/21/2024,25.6,32.9,23.2,94,0,19.2,4.4,6.3125,8.25,5,0.39625,1.2,0.075
1/22/2024,26.1,32.9,20.8,82,0,19.2,4.6,6.3125,8.25,5,0.39625,1.2,0.075
1/23/2024,26.1,32.2,20.8,74,0,19.2,3.5,6.3125,8.25,5,0.39625,1.2,0.075
1/24/2024,26.4,32.7,20.8,76,0,19.2,4.1,6.3125,8.25,5,0.39625,1.2,0.075
1/25/2024,25.8,32.7,20.9,84,0,19.2,5.2,6.3125,8.25,5,0.39625,1.2,0.075
1/26/2024,26.1,32.5,22.1,85,0,19.2,5.2,6.3125,8.25,5,0.39625,1.2,0.075
1/27/2024,26.4,32.5,22.1,86,0,19.2,6.3,6.3125,8.25,5,0.39625,1.2,0.075
1/28/2024,26.2,32,23,87,0,19.2,5.7,6.3125,8.25,5,0.39625,1.2,0.075
1/29/2024,26.3,31.1,23.1,93,0,19.2,3.3,6.3125,8.25,5,0.39625,1.2,0.075
1/30/2024,26.2,32.7,23.4,95,0,19.2,3.1,6.3125,8.25,5,0.39625,1.2,0.075
1/31/2024,25.9,31.8,24,95,0,19.2,3.1,6.3125,8.25,5,0.39625,1.2,0.075
2/1/2024,27.7,33.6,24.2,86,0,20,4.3,6.3125,8.25,5,0.39625,1.2,0.075
2/2/2024,28.4,34,24.5,80,0,20,4.8,6.3125,8.25,5,0.39625,1.2,0.075
2/3/2024,28.2,34,23.1,75,0,20,5.6,6.3125,8.25,5,0.39625,1.2,0.075
2/4/2024,27.8,33.5,22.4,81,0,20,6.3,6.3125,8.25,5,0.39625,1.2,0.075
2/5/2024,28.2,33.3,23,82,0,20,6.3,6.3125,8.25,5,0.39625,1.2,0.075
2/6/2024,27.9,32.8,23,70,0,20,4.6,6.3125,8.25,5,0.39625,1.2,0.075
2/7/2024,27.2,33.1,21.6,76,0,20,5.2,6.3125,8.25,5,0.39625,1.2,0.075
2/8/2024,27.3,33.1,21.8,75,0,20,4.3,6.3125,8.25,5,0.39625,1.2,0.075
2/9/2024,27.6,32.9,22,76,0,20,5.6,6.3125,8.25,5,0.39625,1.2,0.075
2/10/2024,27.4,32.8,22.6,78,0,20,6.1,6.3125,8.25,5,0.39625,1.2,0.075
2/11/2024,27,32.4,23.2,76,0,20,7,6.3125,8.25,5,0.39625,1.2,0.075
2/12/2024,27.2,33.1,23.1,81,0,20,6.5,6.3125,8.25,5,0.39625,1.2,0.075
2/13/2024,27.4,33.1,23.1,87,0,20,6.5,6.3125,8.25,5,0.39625,1.2,0.075
2/14/2024,27.8,33.1,23.7,81,0,20,7.4,6.3125,8.25,5,0.39625,1.2,0.075
2/15/2024,27.2,33.1,24.1,86,0.25,20,6.7,6.3125,8.25,5,0.39625,1.2,0.075
2/16/2024,27.9,33.5,24.1,80,0,20,7,6.3125,8.25,5,0.39625,1.2,0.075
2/17/2024,27.9,33.5,23.5,78,0,20,5.7,6.3125,8.25,5,0.39625,1.2,0.075
2/18/2024,28.3,33.8,23.5,74,0,20,4.6,6.3125,8.25,5,0.39625,1.2,0.075
2/19/2024,28.4,35.1,23.4,76,0,20,3.7,6.3125,8.25,5,0.39625,1.2,0.075
2/20/2024,28.2,35.1,23.8,76,0,20,4.4,6.3125,8.25,5,0.39625,1.2,0.075
2/21/2024,28.4,35.6,23.5,72,0,20,3.7,6.3125,8.25,5,0.39625,1.2,0.075
2/22/2024,29,36,23.6,80,0,20,3.3,6.3125,8.25,5,0.39625,1.2,0.075
2/23/2024,28.9,36,23.6,80,0,20,3.3,6.3125,8.25,5,0.39625,1.2,0.075
2/24/2024,27.7,35.5,23,78,0,20,3.5,6.3125,8.25,5,0.39625,1.2,0.075
2/25/2024,28.9,34.6,23,73,0,20,5.2,6.3125,8.25,5,0.39625,1.2,0.075
2/26/2024,28.2,34.5,23.7,82,0,20,7.6,6.3125,8.25,5,0.39625,1.2,0.075
2/27/2024,27.9,33.1,24.3,78,0,20,7.4,6.3125,8.25,5,0.39625,1.2,0.075
2/28/2024,28.2,32.9,23,72,0,20,7,6.3125,8.25,5,0.39625,1.2,0.075
2/29/2024,29,34.6,22.5,71,0,20,5.4,6.3125,8.25,5,0.39625,1.2,0.075
3/1/2024,27.7,34.6,22.5,77,0,20,4.8,6.3125,8.25,5,0.39625,1.2,0.075
3/2/2024,27.9,35.6,22.7,73,0,20,3.5,6.3125,8.25,5,0.39625,1.2,0.075
3/3/2024,28.7,35.6,22.2,70,0,20,4.6,6.3125,8.25,5,0.39625,1.2,0.075
3/4/2024,28.6,35.6,23,66,0,20,33,6.3125,8.25,5,0.39625,1.2,0.075
3/5/2024,29.4,35.6,23.7,67,0,20,3.9,6.3125,8.25,5,0.39625,1.2,0.075
3/6/2024,28.7,35.3,23.3,71,0,18.8,3,6.3125,8.25,5,0.39625,1.2,0.075
3/7/2024,29.3,35.7,23.5,63,0,18.8,3.3,6.3125,8.25,5,0.39625,1.2,0.075
3/8/2024,28,36.7,24.6,79,0,18.8,3.1,6.3125,8.25,5,0.39625,1.2,0.075
3/9/2024,30.2,37.9,23.7,61,0,20,3.9,6.3125,8.25,5,0.39625,1.2,0.075
3/10/2024,29.5,37.9,23.2,63,0,20,5.2,6.3125,8.25,5,0.39625,1.2,0.075
3/11/2024,28.9,36.7,23.5,65,0,20,4.4,6.3125,8.25,5,0.39625,1.2,0.075
3/12/2024,28.9,37.1,23.4,68,0,20,4.1,6.3125,8.25,5,0.39625,1.2,0.075
3/13/2024,29.5,37.1,21.5,54,0,20,3,6.3125,8.25,5,0.39625,1.2,0.075
3/14/2024,29,37.2,21.2,63,0,20,3.5,6.3125,8.25,5,0.39625,1.2,0.075
3/15/2024,30.6,37.2,21.8,63,0,20,4.1,6.3125,8.25,5,0.39625,1.2,0.075
3/16/2024,30.6,38,24.9,64,0,20,4.6,6.3125,8.25,5,0.39625,1.2,0.075
3/17/2024,29.8,37.9,23.7,62,0,20,5,6.3125,8.25,5,0.39625,1.2,0.075
3/18/2024,26.9,36.7,23.7,81,0,20,4.3,6.3125,8.25,5,0.39625,1.2,0.075
3/19/2024,29.7,36.5,23.7,62,0,20,4.1,6.3125,8.25,5,0.39625,1.2,0.075
3/20/2024,30,37.3,24,65,0,20,4.1,6.3125,8.25,5,0.39625,1.2,0.075
3/21/2024,28.1,37.3,24.6,90,0,20,3.7,6.3125,8.25,5,0.39625,1.2,0.075
3/22/2024,27.3,33.3,25.1,92,0,20,4.3,6.3125,8.25,5,0.39625,1.2,0.075
3/23/2024,29.6,35.3,24.8,75,2.54,20,3.9,6.3125,8.25,5,0.39625,1.2,0.075
3/24/2024,30.3,36.9,24.8,71,0,20,3.9,6.3125,8.25,5,0.39625,1.2,0.075
3/25/2024,30.2,36.9,24.7,70,0,15.4,4.6,6.3125,8.25,5,0.39625,1.2,0.075
3/26/2024,31.2,37.6,24.6,63,0,15.4,4.6,6.3125,8.25,5,0.39625,1.2,0.075
3/27/2024,29.8,37.6,26.2,79,0,20,5.6,6.3125,8.25,5,0.39625,1.2,0.075
3/28/2024,29.8,37.6,26.2,79,0,20,5.6,6.3125,8.25,5,0.39625,1.2,0.075
3/29/2024,29.8,37.6,26.2,79,0,20,5.6,6.3125,8.25,5,0.39625,1.2,0.075
3/30/2024,29.8,37.6,26.2,79,0,20,5.6,6.3125,8.25,5,0.39625,1.2,0.075
3/31/2024,29.8,37.6,26.2,79,0,20,5.6,6.3125,8.25,5,0.39625,1.2,0.075
4/1/2024,25.5,37.5,24.6,99,0,20,2.4,6.3125,8.25,5,0.39625,1.2,0.075
4/2/2024,26,38.2,24.6,99,0,20,2,6.3125,8.25,5,0.39625,1.2,0.075
4/3/2024,30.1,38.2,24.9,76,0,20,3.5,6.3125,8.25,5,0.39625,1.2,0.075
4/4/2024,30.8,38.7,25.2,70,0,20,3.3,6.3125,8.25,5,0.39625,1.2,0.075
4/5/2024,32.8,39,24.9,63,0,20,4.3,6.3125,8.25,5,0.39625,1.2,0.075
4/6/2024,32,38.9,25.3,66,0,20,3.7,6.3125,8.25,5,0.39625,1.2,0.075
4/7/2024,31.9,39,26.2,66,0,20,3.5,6.3125,8.25,5,0.39625,1.2,0.075
4/8/2024,30.6,39,25.6,69,0,20,3.9,6.3125,8.25,5,0.39625,1.2,0.075
4/9/2024,30.4,38.1,24.7,65,0,20,4.3,6.3125,8.25,5,0.39625,1.2,0.075
4/10/2024,30.1,36.6,24.4,69,0,20,4.3,6.3125,8.25,5,0.39625,1.2,0.075
4/11/2024,29.3,36.6,24.7,87,0,20,3.3,6.3125,8.25,5,0.39625,1.2,0.075
4/12/2024,26.7,33.9,24,97,0,20,3.3,6.3125,8.25,5,0.39625,1.2,0.075
4/13/2024,29.4,35.2,23.8,81,0,20,4.6,6.3125,8.25,5,0.39625,1.2,0.075
4/14/2024,29.6,35.2,24.4,81,0,20,4.3,6.3125,8.25,5,0.39625,1.2,0.075
4/15/2024,29.5,35,25,87,3.81,20,5.4,6.3125,8.25,5,0.39625,1.2,0.075
4/16/2024,31.1,36.3,24.5,68,1.52,20,4.3,6.3125,8.25,5,0.39625,1.2,0.075
4/17/2024,32.9,38.1,25.3,60,0,20,4.1,6.3125,8.25,5,0.39625,1.2,0.075
4/18/2024,31.8,38.8,25.4,69,0,20,4.3,6.3125,8.25,5,0.39625,1.2,0.075
4/19/2024,31,38.8,25.6,75,0,20,4.1,6.3125,8.25,5,0.39625,1.2,0.075
4/20/2024,31.3,38.1,26.2,77,1.02,20,4.3,6.3125,8.25,5,0.39625,1.2,0.075
4/21/2024,31.2,38.4,26.1,71,0,20,3.5,6.3125,8.25,5,0.39625,1.2,0.075
4/22/2024,30.3,38.9,25.1,77,1.02,20,4.4,6.3125,8.25,5,0.39625,1.2,0.075
4/23/2024,30.7,38.9,25,73,0,20,2.8,6.3125,8.25,5,0.39625,1.2,0.075
4/24/2024,32.1,38.1,25.5,65,0,20,3.1,6.3125,8.25,5,0.39625,1.2,0.075
4/25/2024,31.6,38.1,26,67,0,20,3.7,6.3125,8.25,5,0.39625,1.2,0.075
4/26/2024,31.6,37.8,26,63,0,20,3.7,6.3125,8.25,5,0.39625,1.2,0.075
4/27/2024,32.3,38.6,25.2,62,0,20,3.9,6.3125,8.25,5,0.39625,1.2,0.075
4/28/2024,31.9,38.6,26.8,69,0,20,3.7,6.3125,8.25,5,0.39625,1.2,0.075
4/29/2024,29.4,38.6,25.6,85,0,20,3.1,6.3125,8.25,5,0.39625,1.2,0.075
4/30/2024,30.8,39.2,25.4,77,0.51,20,4.8,6.3125,8.25,5,0.39625,1.2,0.075
5/1/2024,30.8,39.2,25.4,77,0.51,20,4.8,6.3125,8.25,5,0.39625,1.2,0.075
5/2/2024,31.8,39.8,26,73,0,20,5.2,6.3125,8.25,5,0.39625,1.2,0.075
5/3/2024,30.9,38.7,26.6,78,0,20,5.2,6.3125,8.25,5,0.39625,1.2,0.075
5/4/2024,31.9,38.3,26.9,72,0,20,5,6.3125,8.25,5,0.39625,1.2,0.075
5/5/2024,33,39.1,26.7,68,0,20,7,6.3125,8.25,5,0.39625,1.2,0.075
5/6/2024,31,39.1,24.6,60,0,20,5.6,6.3125,8.25,5,0.39625,1.2,0.075
5/7/2024,31.3,39,24.6,77,18.29,20,5.2,6.3125,8.25,5,0.39625,1.2,0.075
5/8/2024,29.2,37.8,24.6,81,0,20,3.1,6.3125,8.25,5,0.39625,1.2,0.075
5/9/2024,29.2,36.9,23.9,84,9.91,20,3.3,6.3125,8.25,5,0.39625,1.2,0.075
5/10/2024,28.8,36.5,23.9,86,0,20,3.9,6.3125,8.25,5,0.39625,1.2,0.075
5/11/2024,30.1,36.6,25,76,0,20,3.5,6.3125,8.25,5,0.39625,1.2,0.075
5/12/2024,27.5,36.6,25.1,94,2.03,20,2.8,6.3125,8.25,5,0.39625,1.2,0.075
5/13/2024,28.2,35.6,24.9,86,0,20,3.7,6.3125,8.25,5,0.39625,1.2,0.075
5/14/2024,27.8,37.1,24.3,88,0,20,3.9,6.3125,8.25,5,0.39625,1.2,0.075
5/15/2024,28.9,37.1,24.3,84,44.96,20,3,6.3125,8.25,5,0.39625,1.2,0.075
5/16/2024,27.6,35.3,24.5,73,10.92,20,3.9,6.3125,8.25,5,0.39625,1.2,0.075
5/17/2024,28.1,33.5,24.5,76,60.96,20,3.1,6.3125,8.25,5,0.39625,1.2,0.075
5/18/2024,27.2,34.8,24.6,94,0,20,4.8,6.3125,8.25,5,0.39625,1.2,0.075
5/19/2024,26.8,34.8,23.9,100,0,20,5.6,6.3125,8.25,5,0.39625,1.2,0.075
5/20/2024,25.8,30.6,23.9,87,0,20,6.5,6.3125,8.25,5,0.39625,1.2,0.075
5/21/2024,28.6,34.2,24.1,60,0,20,7.6,6.3125,8.25,5,0.39625,1.2,0.075
5/22/2024,26.7,34.2,24.9,100,0,20,8.9,6.3125,8.25,5,0.39625,1.2,0.075
5/23/2024,26.9,31.6,24.9,34,0,20,8.5,6.3125,8.25,5,0.39625,1.2,0.075
5/24/2024,26.7,31.3,25.3,33,0,20,8.9,6.3125,8.25,5,0.39625,1.2,0.075
5/25/2024,27.8,31.7,25.5,32,10.92,20,10.2,6.3125,8.25,5,0.39625,1.2,0.075
5/26/2024,28.4,32.1,26.1,77,0,20,10.4,6.3125,8.25,5,0.39625,1.2,0.075
5/27/2024,28.7,32.2,26,93,0,20,10.4,6.3125,8.25,5,0.39625,1.2,0.075
5/28/2024,28.4,32.2,26,94,0,20,10,6.3125,8.25,5,0.39625,1.2,0.075
5/29/2024,28.7,32.8,26,92,0,20,9.8,6.3125,8.25,5,0.39625,1.2,0.075
5/30/2024,29.8,34.7,26,67,0,20,7.6,6.3125,8.25,5,0.39625,1.2,0.075
5/31/2024,30.7,34.8,26,83,0,20,7.4,6.3125,8.25,5,0.39625,1.2,0.075
6/1/2024,30.2,34.8,27.1,92,0,20,7.4,6.3125,8.25,5,0.39625,1.2,0.075
6/2/2024,28.2,34.2,24.8,95,0,20,6.9,6.3125,8.25,5,0.39625,1.2,0.075
6/3/2024,29.2,33.9,24.8,90,0,20,8.7,6.3125,8.25,5,0.39625,1.2,0.075
6/4/2024,29.2,34,25.7,70,0,20,7.4,6.3125,8.25,5,0.39625,1.2,0.075
6/5/2024,30.2,34,26.3,76,0,20,7.4,6.3125,8.25,5,0.39625,1.2,0.075
6/6/2024,28.7,33.5,25.2,87,0,20,6.7,6.3125,8.25,5,0.39625,1.2,0.075
6/7/2024,27.9,33.5,25.2,95,0,20,8.3,6.3125,8.25,5,0.39625,1.2,0.075
6/8/2024,28.4,33,24.7,85,0,20,8,6.3125,8.25,5,0.39625,1.2,0.075
6/9/2024,28.9,33.3,24.4,83,1.52,20,9.3,6.3125,8.25,5,0.39625,1.2,0.075
6/10/2024,29.4,34.1,26.1,82,0,20,10.2,6.3125,8.25,5,0.39625,1.2,0.075
6/11/2024,29.3,34.1,26.2,83,0,20,10.2,6.3125,8.25,5,0.39625,1.2,0.075
6/12/2024,29.6,33.9,26,80,0,20,9.4,6.3125,8.25,5,0.39625,1.2,0.075
6/13/2024,29.3,34.1,26,82,0,20,8.1,6.3125,8.25,5,0.39625,1.2,0.075
6/14/2024,28.9,34.1,25.6,83,0,20,7.8,6.3125,8.25,5,0.39625,1.2,0.075
6/15/2024,29,33.8,25.5,81,0,20,8.5,6.3125,8.25,5,0.39625,1.2,0.075
6/16/2024,29.3,34.5,25.3,78,0,20,8.7,6.3125,8.25,5,0.39625,1.2,0.075
6/17/2024,30,34.8,25.6,76,0,20,8.5,6.3125,8.25,5,0.39625,1.2,0.075
6/18/2024,28.9,34.8,25.5,83,0,20,8.7,6.3125,8.25,5,0.39625,1.2,0.075
6/19/2024,28.3,33.5,25.4,85,0,20,9.1,6.3125,8.25,5,0.39625,1.2,0.075
6/20/2024,28,33.5,25.1,87,0,20,8.7,6.3125,8.25,5,0.39625,1.2,0.075
6/21/2024,29.2,34.4,25.1,80,0,20,10.2,6.3125,8.25,5,0.39625,1.2,0.075
6/22/2024,29.2,34.4,25.7,79,0,20,9.8,6.3125,8.25,5,0.39625,1.2,0.075
6/23/2024,29.2,34.1,26.2,78,0,20,10.9,6.3125,8.25,5,0.39625,1.2,0.075
6/24/2024,29.4,34.1,25.7,78,0,20,10.9,6.3125,8.25,5,0.39625,1.2,0.075
6/25/2024,29.1,34.6,25.8,81,0,20,10.4,6.3125,8.25,5,0.39625,1.2,0.075
6/26/2024,28.4,34.6,25,82,0,20,9.8,6.3125,8.25,5,0.39625,1.2,0.075
6/27/2024,29,34.1,25,78,0,20,9.4,6.3125,8.25,5,0.39625,1.2,0.075
6/28/2024,29,34.5,25.2,78,0,20,8.9,6.3125,8.25,5,0.39625,1.2,0.075
6/29/2024,29.3,34.8,25,77,0,20,8,6.3125,8.25,5,0.39625,1.2,0.075
6/30/2024,29.9,35.1,25.3,76,0,20,8.5,6.3125,8.25,5,0.39625,1.2,0.075
7/1/2024,29.1,35.1,25.9,81,0,20,8.3,6.3125,8.25,5,0.39625,1.2,0.075
7/2/2024,29.8,35.3,25.9,77,0,20,8,6.3125,8.25,5,0.39625,1.2,0.075
7/3/2024,29.9,35.5,26.2,78,0,20,8.5,6.3125,8.25,5,0.39625,1.2,0.075
7/4/2024,29.6,35.5,26.1,80,0,20,7.6,6.3125,8.25,5,0.39625,1.2,0.075
7/5/2024,29.4,35.4,25.7,79,0,20,9.4,6.3125,8.25,5,0.39625,1.2,0.075
7/6/2024,29.2,35.4,25.4,77,0,20,8,6.3125,8.25,5,0.39625,1.2,0.075
7/7/2024,31.9,35,26,62,0,20,9.3,6.3125,8.25,5,0.39625,1.2,0.075
7/8/2024,30.4,35.3,25.8,70,0,20,8.9,6.3125,8.25,5,0.39625,1.2,0.075
7/9/2024,29.7,35.3,26,72,0,20,8.3,6.3125,8.25,5,0.39625,1.2,0.075
7/10/2024,30.7,34.8,25.5,68,0,20,9.1,6.3125,8.25,5,0.39625,1.2,0.075
7/11/2024,29.8,35.3,25.6,73,0,20,8.3,6.3125,8.25,5,0.39625,1.2,0.075
7/12/2024,30.4,35.3,25.9,73,0,20,9.3,6.3125,8.25,5,0.39625,1.2,0.075
7/13/2024,28.7,35,25.8,82,0,20,10.2,6.3125,8.25,5,0.39625,1.2,0.075
7/14/2024,29.6,34.3,25.7,76,0,20,9.3,6.3125,8.25,5,0.39625,1.2,0.075
7/15/2024,29,34.3,26,79,0,20,10.2,6.3125,8.25,5,0.39625,1.2,0.075
7/16/2024,29,32.2,26.2,74,0,20,10.7,6.3125,8.25,5,0.39625,1.2,0.075
7/17/2024,29.4,34.5,26.1,75,0,20,11.3,6.3125,8.25,5,0.39625,1.2,0.075
7/18/2024,29.2,34.5,26.2,77,0,20,12.2,6.3125,8.25,5,0.39625,1.2,0.075
7/19/2024,29.7,35.2,26.2,74,0,20,11.1,6.3125,8.25,5,0.39625,1.2,0.075
7/20/2024,29.4,35.2,26.1,73,0,20,9.6,6.3125,8.25,5,0.39625,1.2,0.075
7/21/2024,29.6,35.7,25.2,71,0,20,9.3,6.3125,8.25,5,0.39625,1.2,0.075
7/22/2024,31.8,36.6,25,62,0,20,9.1,6.3125,8.25,5,0.39625,1.2,0.075
7/23/2024,30.4,36.6,25.4,70,0,20,8.1,6.3125,8.25,5,0.39625,1.2,0.075
7/24/2024,29.8,36.3,25.6,73,0,20,8.1,6.3125,8.25,5,0.39625,1.2,0.075
7/25/2024,30.3,37.2,26.1,71,0,20,9.6,6.3125,8.25,5,0.39625,1.2,0.075
7/26/2024,30.1,37.2,26.2,74,0,20,9.3,6.3125,8.25,5,0.39625,1.2,0.075
7/27/2024,29.5,35.9,26,80,0,20,8.7,6.3125,8.25,5,0.39625,1.2,0.075
7/28/2024,29.5,35.9,26.1,75,0,20,9.6,6.3125,8.25,5,0.39625,1.2,0.075
7/29/2024,29.4,35.2,25.2,75,0,20,10.9,6.3125,8.25,5,0.39625,1.2,0.075
7/30/2024,28.3,34.5,24.7,77,0,20,8.7,6.3125,8.25,5,0.39625,1.2,0.075
7/31/2024,30.1,35.3,24.8,70,0,20,10,6.3125,8.25,5,0.39625,1.2,0.075
8/1/2024,30,35.8,25.6,70,0,20,9.3,6.3125,8.25,5,0.39625,1.2,0.075
8/2/2024,29.7,35.8,25.9,72,0,20,9.1,6.3125,8.25,5,0.39625,1.2,0.075
8/3/2024,29.9,36.7,26,74,0,20,7.8,6.3125,8.25,5,0.39625,1.2,0.075
8/4/2024,30,37.6,24.5,70,0,20,5.6,6.3125,8.25,5,0.39625,1.2,0.075
8/5/2024,28.7,37.7,23.3,77,0,20,6.3,6.3125,8.25,5,0.39625,1.2,0.075
8/6/2024,28.3,37.7,23.3,85,0,20,6.3,6.3125,8.25,5,0.39625,1.2,0.075
8/7/2024,28.1,34.5,25.2,91,0,20,4.4,6.3125,8.25,5,0.39625,1.2,0.075
8/8/2024,27.3,34.8,24.6,93,0,20,6.3,6.3125,8.25,5,0.39625,1.2,0.075
8/9/2024,28.9,35.4,24.8,77,0,20,7.8,6.3125,8.25,5,0.39625,1.2,0.075
8/10/2024,28.7,35.4,25.1,82,0,20,7.6,6.3125,8.25,5,0.39625,1.2,0.075
8/11/2024,28.8,34.5,23.4,80,0,20,5.2,6.3125,8.25,5,0.39625,1.2,0.075
8/12/2024,28.8,34.5,23.4,80,0,20,5.2,6.3125,8.25,5,0.39625,1.2,0.075
8/13/2024,27.8,36.1,24.5,86,0,20,3.7,6.3125,8.25,5,0.39625,1.2,0.075
8/14/2024,27.4,35.6,24.7,48,0,20,5.2,6.3125,8.25,5,0.39625,1.2,0.075
8/15/2024,26.8,34.3,24.8,39,0,20,5,6.3125,8.25,5,0.39625,1.2,0.075
8/16/2024,28.8,34.3,24.7,40,0,20,6.9,6.3125,8.25,5,0.39625,1.2,0.075
8/17/2024,27.6,33.3,25,35,0,20,8,6.3125,8.25,5,0.39625,1.2,0.075
8/18/2024,28.6,32.6,24.8,60,0,20,7,6.3125,8.25,5,0.39625,1.2,0.075
8/19/2024,28.8,34.3,25.5,43,0,20,7.4,6.3125,8.25,5,0.39625,1.2,0.075
8/20/2024,28.3,34.3,24.7,37,0,20,7,6.3125,8.25,5,0.39625,1.2,0.075
8/21/2024,27.3,33.5,23.5,88,0,20,7.2,6.3125,8.25,5,0.39625,1.2,0.075
8/22/2024,28.3,32.7,24.1,44,0,20,5.7,6.3125,8.25,5,0.39625,1.2,0.075
8/23/2024,29.7,34.6,24.7,56,0,20,7.4,6.3125,8.25,5,0.39625,1.2,0.075
8/24/2024,28.2,34.6,25.2,48,0,20,8.1,6.3125,8.25,5,0.39625,1.2,0.075
8/25/2024,28.6,33.8,25.1,59,0,20,9.3,6.3125,8.25,5,0.39625,1.2,0.075
8/26/2024,29.1,34.1,24.9,65,0,20,8.9,6.3125,8.25,5,0.39625,1.2,0.075
8/27/2024,29.1,34.1,24.8,78,0,20,8.5,6.3125,8.25,5,0.39625,1.2,0.075
8/28/2024,28.5,34,25,75,0,20,7.2,6.3125,8.25,5,0.39625,1.2,0.075
8/29/2024,29.1,34.7,25.3,72,0,20,8.9,6.3125,8.25,5,0.39625,1.2,0.075
8/30/2024,28.3,34.7,25.3,73,0,20,8,6.3125,8.25,5,0.39625,1.2,0.075
8/31/2024,29.2,34.1,25.4,63,0,20,9.1,6.3125,8.25,5,0.39625,1.2,0.075
9/1/2024,29.4,34.8,25.5,71,0,20,9.1,6.3125,8.25,5,0.39625,1.2,0.075
9/2/2024,29.8,35,25.5,76,0,20,9.3,6.3125,8.25,5,0.39625,1.2,0.075
9/3/2024,28.6,34.9,25.8,80,0,20,9.3,6.3125,8.25,5,0.39625,1.2,0.075
9/4/2024,28.9,33.8,25.7,66,0,20,8.7,6.3125,8.25,5,0.39625,1.2,0.075
9/5/2024,30.2,35.9,25.5,66,0,20,8.9,6.3125,8.25,5,0.39625,1.2,0.075
9/6/2024,29.2,35.9,25.9,78,0,20,9.6,6.3125,8.25,5,0.39625,1.2,0.075
9/7/2024,29.3,34.1,26,77,0,20,9.6,6.3125,8.25,5,0.39625,1.2,0.075
9/8/2024,29.4,34.1,26,74,0,20,9.8,6.3125,8.25,5,0.39625,1.2,0.075
9/9/2024,28.8,34.2,25.1,79,0,20,9.8,6.3125,8.25,5,0.39625,1.2,0.075
9/10/2024,28.5,35.1,25.2,80,0,20,9.4,6.3125,8.25,5,0.39625,1.2,0.075
9/11/2024,29,35.1,25.2,68,0,20,9.8,6.3125,8.25,5,0.39625,1.2,0.075
9/12/2024,29.8,35.8,25.3,62,0,20,8.5,6.3125,8.25,5,0.39625,1.2,0.075
9/13/2024,31.5,37.5,25.5,65,0,20,9.1,6.3125,8.25,5,0.39625,1.2,0.075
9/14/2024,29.9,37.5,25.8,72,0,20,8.9,6.3125,8.25,5,0.39625,1.2,0.075
9/15/2024,29.6,36,26,75,0,20,8.9,6.3125,8.25,5,0.39625,1.2,0.075
9/16/2024,30.1,35.8,25.7,75,0,20,8.3,6.3125,8.25,5,0.39625,1.2,0.075
9/17/2024,30.6,36.8,26,70,0,20,8.1,6.3125,8.25,5,0.39625,1.2,0.075
9/18/2024,29.4,36.8,25.6,72,0,20,8.9,6.3125,8.25,5,0.39625,1.2,0.075
9/19/2024,30,36,25.5,69,0,20,9.4,6.3125,8.25,5,0.39625,1.2,0.075
9/20/2024,29.3,35.8,24.9,70,0,20,9.3,6.3125,8.25,5,0.39625,1.2,0.075
9/21/2024,30.1,36.1,24.6,67,0,20,9.3,6.3125,8.25,5,0.39625,1.2,0.075
9/22/2024,28.7,36.1,25.1,75,0,20,8.5,6.3125,8.25,5,0.39625,1.2,0.075
9/23/2024,29,35.5,25.2,76,0,20,9.4,6.3125,8.25,5,0.39625,1.2,0.075
9/24/2024,29.5,35.5,25.2,73,0,20,10.4,6.3125,8.25,5,0.39625,1.2,0.075
9/25/2024,29.8,36.1,25.7,72,0,20,9.8,6.3125,8.25,5,0.39625,1.2,0.075
9/26/2024,30.3,37.1,25.7,69,0,20,7,6.3125,8.25,5,0.39625,1.2,0.075
9/27/2024,28.6,37.1,24,76,0,20,5.7,6.3125,8.25,5,0.39625,1.2,0.075
9/28/2024,30.6,37.5,24,69,0,20,4.1,6.3125,8.25,5,0.39625,1.2,0.075
9/29/2024,30.4,37.4,25.1,64,0,20,4.4,6.3125,8.25,5,0.39625,1.2,0.075
9/30/2024,28.6,37.1,24.7,76,0,20,4.3,6.3125,8.25,5,0.39625,1.2,0.075
10/1/2024,28.6,37.1,24.7,76,0,20,4.3,6.3125,8.25,5,0.39625,1.2,0.075
10/2/2024,28.6,37.1,24.7,76,0,20,4.3,6.3125,8.25,5,0.39625,1.2,0.075
10/3/2024,29.3,35.6,24.9,60,0,20,7.8,6.3125,8.25,5,0.39625,1.2,0.075
10/4/2024,20,35.6,24.8,66,0,20,8.5,6.3125,8.25,5,0.39625,1.2,0.075
10/5/2024,29.2,35.6,24.6,69,0,20,5.7,6.3125,8.25,5,0.39625,1.2,0.075
10/6/2024,28.8,34,25.4,48,0,20,5,6.3125,8.25,5,0.39625,1.2,0.075
10/7/2024,27.8,33.9,24,36,0,20,5.9,6.3125,8.25,5,0.39625,1.2,0.075
10/8/2024,28.2,34.7,23.8,50,0,20,4.8,6.3125,8.25,5,0.39625,1.2,0.075
10/9/2024,28.3,35.4,24.2,75,0,20,4.6,6.3125,8.25,5,0.39625,1.2,0.075
10/10/2024,27.3,35.4,24.2,38,0,20,5.9,6.3125,8.25,5,0.39625,1.2,0.075
10/11/2024,26,33.6,23.8,74,0,20,5.9,6.3125,8.25,5,0.39625,1.2,0.075
10/12/2024,27.1,31.3,23.6,65,16,20,5.6,6.3125,8.25,5,0.39625,1.2,0.075
10/13/2024,27.1,32.7,23.8,47,0,20,5.9,6.3125,8.25,5,0.39625,1.2,0.075
10/14/2024,25.7,32.7,22.8,67,0,20,5,6.3125,8.25,5,0.39625,1.2,0.075
10/15/2024,26.1,30.7,22.8,55,0,20,4.8,6.3125,8.25,5,0.39625,1.2,0.075
10/16/2024,28.6,33.6,24.2,39,0,20,7.2,6.3125,8.25,5,0.39625,1.2,0.075
10/17/2024,28.8,35,24.9,42,0,20,7,6.3125,8.25,5,0.39625,1.2,0.075
10/18/2024,28.6,35.1,24.8,43,0,20,6.1,6.3125,8.25,5,0.39625,1.2,0.075
10/19/2024,28.2,35.1,24.7,47,0,20,5.2,6.3125,8.25,5,0.39625,1.2,0.075
10/20/2024,29.1,35.5,24.7,66,0,20,4.3,6.3125,8.25,5,0.39625,1.2,0.075
10/21/2024,26.7,35.5,25.2,46,0,20,2.4,6.3125,8.25,5,0.39625,1.2,0.075
10/22/2024,28.2,34,24.9,53,0,20,4.1,6.3125,8.25,5,0.39625,1.2,0.075
10/23/2024,26.7,35.1,23.9,81,0,20,4.4,6.3125,8.25,5,0.39625,1.2,0.075
10/24/2024,28.2,35.1,23.7,83,0,20,8.1,6.3125,8.25,5,0.39625,1.2,0.075
10/25/2024,28.2,35.1,23.7,83,0,20,8.1,6.3125,8.25,5,0.39625,1.2,0.075
10/26/2024,28.2,35.1,23.7,83,0,20,8.1,6.3125,8.25,5,0.39625,1.2,0.075
10/27/2024,28.2,35.1,23.7,83,0,20,8.1,6.3125,8.25,5,0.39625,1.2,0.075
10/28/2024,28.2,35.1,23.7,83,0,20,8.1,6.3125,8.25,5,0.39625,1.2,0.075
10/29/2024,28.2,35.1,23.7,83,0,20,8.1,6.3125,8.25,5,0.39625,1.2,0.075
10/30/2024,28.2,35.1,23.7,83,0,20,8.1,6.3125,8.25,5,0.39625,1.2,0.075
10/31/2024,28.2,35.1,23.7,83,0,20,8.1,6.3125,8.25,5,0.39625,1.2,0.075
11/1/2024,28.2,35.1,23.7,83,0,20,8.1,6.3125,8.25,5,0.39625,1.2,0.075
11/2/2024,28.2,35.1,23.7,83,0,20,8.1,6.3125,8.25,5,0.39625,1.2,0.075
11/3/2024,28.2,35.1,23.7,83,0,20,8.1,6.3125,8.25,5,0.39625,1.2,0.075
11/4/2024,28.2,35.1,23.7,83,0,20,8.1,6.3125,8.25,5,0.39625,1.2,0.075
11/5/2024,28.2,35.1,23.7,83,0,20,8.1,6.3125,8.25,5,0.39625,1.2,0.075
11/6/2024,28.2,35.1,23.7,83,0,20,8.1,6.3125,8.25,5,0.39625,1.2,0.075
11/7/2024,28.2,35.1,23.7,83,0,20,8.1,6.3125,8.25,5,0.39625,1.2,0.075
11/8/2024,28.2,35.1,23.7,83,0,20,8.1,6.3125,8.25,5,0.39625,1.2,0.075
11/9/2024,28.2,35.1,23.7,83,0,20,8.1,6.3125,8.25,5,0.39625,1.2,0.075
11/10/2024,28.2,35.1,23.7,83,0,20,8.1,6.3125,8.25,5,0.39625,1.2,0.075
11/11/2024,28.5,34.2,22.6,81,0,20,3.5,6.3125,8.25,5,0.39625,1.2,0.075
11/12/2024,28.4,35.5,23.1,58,0,20,3.1,6.3125,8.25,5,0.39625,1.2,0.075
11/13/2024,28.2,35.9,23.9,83,0,20,3.7,6.3125,8.25,5,0.39625,1.2,0.075
11/14/2024,27.6,35.9,23.9,46,0,20,3,6.3125,8.25,5,0.39625,1.2,0.075
11/15/2024,26.8,32.2,24.2,94,0,20,2.2,6.3125,8.25,5,0.39625,1.2,0.075
11/16/2024,28.1,34.2,24.2,85,0,20,3.1,6.3125,8.25,5,0.39625,1.2,0.075
11/17/2024,28.1,34.2,24.2,85,0,20,3.1,6.3125,8.25,5,0.39625,1.2,0.075
11/18/2024,28.1,34.2,24.2,85,0,20,3.1,6.3125,8.25,5,0.39625,1.2,0.075
11/19/2024,28.1,34.2,24.2,85,0,20,3.1,6.3125,8.25,5,0.39625,1.2,0.075
11/20/2024,28.1,34.2,24.2,85,0,20,3.1,6.3125,8.25,5,0.39625,1.2,0.075
11/21/2024,28.1,34.2,24.2,85,0,20,3.1,6.3125,8.25,5,0.39625,1.2,0.075
11/22/2024,26.3,32.6,23.4,97,0,20,2.8,6.3125,8.25,5,0.39625,1.2,0.075
11/23/2024,26.1,32.5,23.6,88,0,20,3.9,6.3125,8.25,5,0.39625,1.2,0.075
11/24/2024,24,32.5,22.9,99,0,20,3.3,6.3125,8.25,5,0.39625,1.2,0.075
11/25/2024,23.9,28,22.9,99,0,20,3.3,6.3125,8.25,5,0.39625,1.2,0.075
11/26/2024,23.9,28,22.9,99,0,20,3.3,6.3125,8.25,5,0.39625,1.2,0.075
11/27/2024,23.6,26.1,23.4,99,0,20,6.3,6.3125,8.25,5,0.39625,1.2,0.075
11/28/2024,23.2,26.8,22.1,55,0,20,4.3,6.3125,8.25,5,0.39625,1.2,0.075
11/29/2024,23.2,26.8,22.1,55,0,20,4.3,6.3125,8.25,5,0.39625,1.2,0.075
11/30/2024,23.2,26.8,22.1,55,0,20,4.3,6.3125,8.25,5,0.39625,1.2,0.075
12/1/2024,23.2,26.8,22.1,66,0,20,5.4,6.3125,8.25,5,0.39625,1.2,0.075
12/2/2024,25.9,33.4,23.7,69,0,20,3.9,6.3125,8.25,5,0.39625,1.2,0.075
12/3/2024,27.9,33.9,22.9,80,0,20,3.3,6.3125,8.25,5,0.39625,1.2,0.075
12/4/2024,27.2,33.9,23.2,85,0,20,3.3,6.3125,8.25,5,0.39625,1.2,0.075
12/5/2024,27.2,34.1,24.1,81,0,15.4,5.2,6.3125,8.25,5,0.39625,1.2,0.075
12/6/2024,27.4,34.1,23.2,85,0,20,2.8,6.3125,8.25,5,0.39625,1.2,0.075
12/7/2024,26.6,33.4,23.2,83,0,20,3.7,6.3125,8.25,5,0.39625,1.2,0.075
12/8/2024,26.9,33.4,23,79,0,20,4.1,6.3125,8.25,5,0.39625,1.2,0.075
12/9/2024,26.9,32.9,22.5,52,0,20,4.4,6.3125,8.25,5,0.39625,1.2,0.075
12/10/2024,27.2,34.6,22.5,33,0,20,4.1,6.3125,8.25,5,0.39625,1.2,0.075
12/11/2024,25.6,34.6,23.5,99,0,20,3.9,6.3125,8.25,5,0.39625,1.2,0.075
12/12/2024,25.7,32.2,23.7,92,0,20,2.4,6.3125,8.25,5,0.39625,1.2,0.075
12/13/2024,25.7,34.2,23.2,99,0,20,2.6,6.3125,8.25,5,0.39625,1.2,0.075
12/14/2024,25.2,34.2,23.2,83,0,20,5.4,6.3125,8.25,5,0.39625,1.2,0.075
12/15/2024,26.5,31.5,23.2,65,0,18.8,4.1,6.3125,8.25,5,0.39625,1.2,0.075
12/16/2024,24.5,31.5,23.3,86,0,18.8,2.2,6.3125,8.25,5,0.39625,1.2,0.075
12/17/2024,24.5,28,22.4,91,0,18.8,3,6.3125,8.25,5,0.39625,1.2,0.075
12/18/2024,25.8,33,22.2,95,0,20,3.3,6.3125,8.25,5,0.39625,1.2,0.075
12/19/2024,26.4,32.9,22.4,49,0,20,4.3,6.3125,8.25,5,0.39625,1.2,0.075
12/20/2024,27.2,34.1,24,66,0,20,3,6.3125,8.25,5,0.39625,1.2,0.075
12/21/2024,27.9,34.7,23.9,86,0,20,3,6.3125,8.25,5,0.39625,1.2,0.075
12/22/2024,27.1,34.7,22.9,84,0,20,3.3,6.3125,8.25,5,0.39625,1.2,0.075
12/23/2024,25.6,33.8,22,78,0,20,3,6.3125,8.25,5,0.39625,1.2,0.075
12/24/2024,26.6,33.9,21.5,77,0,20,2.6,6.3125,8.25,5,0.39625,1.2,0.075
12/25/2024,27.1,34.2,21.5,69,0,20,4.1,6.3125,8.25,5,0.39625,1.2,0.075
12/26/2024,27.9,34.2,21.8,44,0,20,3.9,6.3125,8.25,5,0.39625,1.2,0.075
12/27/2024,26.1,33.1,23.2,86,0,20,4.4,6.3125,8.25,5,0.39625,1.2,0.075
12/28/2024,26.9,33.1,23.2,52,0,20,3.7,6.3125,8.25,5,0.39625,1.2,0.075
12/29/2024,26.7,33.1,23.1,37,0,20,3.7,6.3125,8.25,5,0.39625,1.2,0.075
12/30/2024,25.7,32.7,23.1,37,0,20,3.5,6.3125,8.25,5,0.39625,1.2,0.075
12/31/2024,25,28.5,24.2,37,0,20,3.5,6.3125,8.25,5,0.39625,1.2,0.075
